{
	"pack_name": "{maid_pack.fgpack.name}",
	"model_list": [
		{
			"model_id": "fgpack:momizimaid",
			"description": ["{model.fgpack.momizimaid.desc}"]
		},
		{
			"model_id": "fgpack:momizimiko",
			"description": ["{model.fgpack.momizimiko.desc}"]
		},
		{
			"model_id": "fgpack:momizisnow",
			"description": ["{model.fgpack.momizisnow.desc}"]
		}
	],
	"version": "2.2.6",
	"author": ["FG"],
	"description": ["{maid_pack.fgpack.desc}"],
	"icon": "fgpack:textures/maid_icon.png",
	"date": "2025-08-03"
}