{
	"format_version": "1.10.0",
	"geometry.model": {
		"texturewidth": 128,
		"textureheight": 128,
		"visible_bounds_width": 4,
		"visible_bounds_height": 3,
		"visible_bounds_offset": [0, 1.5, 0],
		"bones": [
			{
				"name": "head",
				"pivot": [0, 18, 0],
				"cubes": [
					{"origin": [-4, 18, -4], "size": [8, 8, 8], "uv": [0, 0]},
					{"origin": [-4, 17, -4], "size": [8, 9, 8], "uv": [44, 18], "inflate": 0.2}
				]
			},
			{
				"name": "blink",
				"parent": "head",
				"pivot": [0, 0, 0],
				"cubes": [
					{"origin": [-4, 18, -4.001], "size": [8, 8, 0], "uv": [33, 0]}
				]
			},
			{
				"name": "ear",
				"parent": "head",
				"pivot": [-0.06563, 24.57408, 5.99937]
			},
			{
				"name": "ear1_2",
				"parent": "ear",
				"pivot": [-3, 27, 2],
				"rotation": [0, 0, 12.5],
				"cubes": [
					{"origin": [3.5, 25.5, 1], "size": [2, 2, 2], "uv": [33, 10], "mirror": true}
				]
			},
			{
				"name": "ear1_1",
				"parent": "ear",
				"pivot": [5.31474, 24.9441, 1.04334],
				"rotation": [-18.14482, 42.28224, -21.42773],
				"cubes": [
					{"origin": [2.31474, 22.9441, 0.04334], "size": [6, 4, 2], "uv": [69, 19]}
				]
			},
			{
				"name": "ear2",
				"parent": "head",
				"pivot": [-2.93437, 24.57408, 2.99937]
			},
			{
				"name": "ear2_2",
				"parent": "ear2",
				"pivot": [3, 27, -1],
				"rotation": [0, 0, -12.5],
				"cubes": [
					{"origin": [-5.5, 25.5, -2], "size": [2, 2, 2], "uv": [33, 10]}
				]
			},
			{
				"name": "ear2_1",
				"parent": "ear2",
				"pivot": [-5.31474, 24.9441, 1.04334],
				"rotation": [-18.14482, -42.28224, 21.42773],
				"cubes": [
					{"origin": [-8.31474, 22.9441, 0.04334], "size": [6, 4, 2], "uv": [69, 19], "mirror": true}
				]
			},
			{
				"name": "helmet",
				"parent": "head",
				"pivot": [0, 18, 0],
				"cubes": [
					{"origin": [-5, 17, -5], "size": [10, 10, 10], "uv": [88, 108]}
				]
			},
			{
				"name": "1",
				"parent": "helmet",
				"pivot": [-4.47419, 23.44465, -1.53737],
				"rotation": [0, -20, 20],
				"cubes": [
					{"origin": [-9.47419, 24.19465, -0.78737], "size": [3, 1.5, 1.5], "uv": [99, 105]},
					{"origin": [-6.47419, 23.44465, -1.53737], "size": [5, 3, 3], "uv": [99, 98]}
				]
			},
			{
				"name": "6",
				"parent": "helmet",
				"pivot": [4.47419, 23.44465, -1.53737],
				"rotation": [0, 20, -20],
				"cubes": [
					{"origin": [6.47419, 24.19465, -0.78737], "size": [3, 1.5, 1.5], "uv": [99, 105], "mirror": true},
					{"origin": [1.47419, 23.44465, -1.53737], "size": [5, 3, 3], "uv": [99, 98], "mirror": true}
				]
			},
			{
				"name": "2",
				"parent": "helmet",
				"pivot": [-6, 21, 0],
				"rotation": [0, -20, 0],
				"cubes": [
					{"origin": [-11, 21.75, 0.75], "size": [3, 1.5, 1.5], "uv": [99, 105]},
					{"origin": [-8, 21, 0], "size": [5, 3, 3], "uv": [99, 98]}
				]
			},
			{
				"name": "5",
				"parent": "helmet",
				"pivot": [6, 21, 0],
				"rotation": [0, 20, 0],
				"cubes": [
					{"origin": [8, 21.75, 0.75], "size": [3, 1.5, 1.5], "uv": [99, 105], "mirror": true},
					{"origin": [3, 21, 0], "size": [5, 3, 3], "uv": [99, 98], "mirror": true}
				]
			},
			{
				"name": "3",
				"parent": "helmet",
				"pivot": [-3.59117, 18.87674, -1.19534],
				"rotation": [0, -20, -20],
				"cubes": [
					{"origin": [-8.59117, 19.62674, -0.44534], "size": [3, 1.5, 1.5], "uv": [99, 105]},
					{"origin": [-5.59117, 18.87674, -1.19534], "size": [5, 3, 3], "uv": [99, 98]}
				]
			},
			{
				"name": "4",
				"parent": "helmet",
				"pivot": [3.59117, 18.87674, -1.19534],
				"rotation": [0, 20, 20],
				"cubes": [
					{"origin": [5.59117, 19.62674, -0.44534], "size": [3, 1.5, 1.5], "uv": [99, 105], "mirror": true},
					{"origin": [0.59117, 18.87674, -1.19534], "size": [5, 3, 3], "uv": [99, 98], "mirror": true}
				]
			},
			{
				"name": "armRight",
				"pivot": [-3, 17.5, 0],
				"rotation": [0, 0, 25],
				"cubes": [
					{"origin": [-5, 9.5, -1], "size": [2, 8, 2], "uv": [13, 29]}
				]
			},
			{
				"name": "chestPlateRight",
				"parent": "armRight",
				"pivot": [-3, 17.5, 0],
				"cubes": [
					{"origin": [-5.5, 11, -1.5], "size": [3, 5, 3], "uv": [83, 97]}
				]
			},
			{
				"name": "armLeft",
				"pivot": [3, 17.5, 0],
				"rotation": [0, 0, -25],
				"cubes": [
					{"origin": [3, 9.5, -1], "size": [2, 8, 2], "uv": [35, 28]}
				]
			},
			{
				"name": "chestPlateLeft",
				"parent": "armLeft",
				"pivot": [3, 17.5, 0],
				"cubes": [
					{"origin": [2.5, 11, -1.5], "size": [3, 5, 3], "uv": [83, 97]}
				]
			},
			{
				"name": "body",
				"pivot": [0, 10.5, 0],
				"cubes": [
					{"origin": [-3, 13, -3], "size": [6, 5, 6], "uv": [0, 17]},
					{"origin": [-3, 11, -3], "size": [6, 2, 6], "uv": [77, 26]},
					{"origin": [-3.5, 9, -3], "size": [7, 2, 6], "uv": [25, 17]},
					{"origin": [-4, 7, -3], "size": [8, 2, 6], "uv": [86, 17], "inflate": -0.1},
					{"origin": [-1, 15.5, -5], "size": [2, 2, 2], "uv": [42, 9]},
					{"origin": [-0.5, 14.5, -4], "size": [1, 1, 1], "uv": [78, 10]}
				]
			},
			{
				"name": "tail",
				"parent": "body",
				"pivot": [0, 11, 3]
			},
			{
				"name": "tailOffset",
				"parent": "tail",
				"pivot": [0, 11, 3],
				"rotation": [-10, 0, 0]
			},
			{
				"name": "tailFront",
				"parent": "tailOffset",
				"pivot": [0, 9, 3],
				"rotation": [-27.5, 0, 0],
				"cubes": [
					{"origin": [-2, 9, 3], "size": [4, 3, 5], "uv": [78, 8]},
					{"origin": [-1, 10, 1], "size": [2, 2, 2], "uv": [71, 3]}
				]
			},
			{
				"name": "tailMiddle3",
				"parent": "tailOffset",
				"pivot": [-6, 9.5, 1],
				"rotation": [-60, 0, 0],
				"cubes": [
					{"origin": [-3, 13.84808, 1.20096], "size": [6, 8, 7], "uv": [51, 1]}
				]
			},
			{
				"name": "tailMiddle2",
				"parent": "tailOffset",
				"pivot": [-6, 9.5, 1],
				"rotation": [-20, 0, 0],
				"cubes": [
					{"origin": [-2, 14.84808, 9], "size": [4, 7, 5], "uv": [108, 4]}
				]
			},
			{
				"name": "tailRear",
				"parent": "tailOffset",
				"pivot": [-6, 16.5, -2],
				"rotation": [-67.5, 0, 0],
				"cubes": [
					{"origin": [-1, 30.84808, 2], "size": [2, 6, 3], "uv": [97, 7]}
				]
			},
			{
				"name": "chestPlate",
				"parent": "body",
				"pivot": [0, 10.5, 0],
				"cubes": [
					{"origin": [-3.5, 11.5, -3.5], "size": [7, 7, 7], "uv": [53, 100]},
					{"origin": [-4, 10, -4], "size": [8, 3, 8], "uv": [24, 114], "inflate": 0.1}
				]
			},
			{
				"name": "skirt",
				"parent": "chestPlate",
				"pivot": [0, 16.5, 0]
			},
			{
				"name": "back",
				"parent": "skirt",
				"pivot": [0, 6, 0]
			},
			{
				"name": "bone3",
				"parent": "back",
				"pivot": [0, 11.70427, 4.00139],
				"rotation": [20, 0, 0],
				"cubes": [
					{"origin": [-3, 5.74985, 2.98044], "size": [6, 6, 1], "uv": [38, 105]}
				]
			},
			{
				"name": "bone4",
				"parent": "bone3",
				"pivot": [-3, 5.5762, 3.96525],
				"rotation": [0, 0, 9.85108],
				"cubes": [
					{"origin": [-5.02971, 5.74729, 2.97944], "size": [2, 6, 1], "uv": [24, 105]}
				]
			},
			{
				"name": "bone5",
				"parent": "bone3",
				"pivot": [3, 5.5762, 3.96525],
				"rotation": [0, 0, -9.85108],
				"cubes": [
					{"origin": [3.02971, 5.74729, 2.98144], "size": [2, 6, 1], "uv": [31, 105]}
				]
			},
			{
				"name": "left",
				"parent": "skirt",
				"pivot": [0, 6, 0],
				"rotation": [0, -90, 0]
			},
			{
				"name": "bone7",
				"parent": "left",
				"pivot": [0, 11.70427, 4.00139],
				"rotation": [22.5, 0, 0],
				"cubes": [
					{"origin": [-3, 5.74985, 2.98044], "size": [6, 6, 1], "uv": [38, 105]}
				]
			},
			{
				"name": "bone8",
				"parent": "bone7",
				"pivot": [-3, 5.5762, 3.96525],
				"rotation": [0, 0, 9.85108],
				"cubes": [
					{"origin": [-5.02971, 5.74729, 2.97944], "size": [2, 6, 1], "uv": [24, 105]}
				]
			},
			{
				"name": "bone9",
				"parent": "bone7",
				"pivot": [3, 5.5762, 3.96525],
				"rotation": [0, 0, -9.85108],
				"cubes": [
					{"origin": [3.02971, 5.74729, 2.98144], "size": [2, 6, 1], "uv": [31, 105]}
				]
			},
			{
				"name": "front",
				"parent": "skirt",
				"pivot": [0, 6, 0],
				"rotation": [0, -180, 0]
			},
			{
				"name": "bone11",
				"parent": "front",
				"pivot": [0, 11.70427, 4.00139],
				"rotation": [17.5, 0, 0],
				"cubes": [
					{"origin": [-3, 5.74985, 2.98044], "size": [6, 6, 1], "uv": [38, 105]}
				]
			},
			{
				"name": "bone12",
				"parent": "bone11",
				"pivot": [-3, 5.5762, 3.96525],
				"rotation": [0, 0, 9.85108],
				"cubes": [
					{"origin": [-5.02971, 5.74729, 2.97944], "size": [2, 6, 1], "uv": [24, 105]}
				]
			},
			{
				"name": "bone13",
				"parent": "bone11",
				"pivot": [3, 5.5762, 3.96525],
				"rotation": [0, 0, -9.85108],
				"cubes": [
					{"origin": [3.02971, 5.74729, 2.98144], "size": [2, 6, 1], "uv": [31, 105]}
				]
			},
			{
				"name": "right",
				"parent": "skirt",
				"pivot": [0, 6, 0],
				"rotation": [0, -270, 0]
			},
			{
				"name": "bone15",
				"parent": "right",
				"pivot": [0, 11.70427, 4.00139],
				"rotation": [22.5, 0, 0],
				"cubes": [
					{"origin": [-3, 5.74985, 2.98044], "size": [6, 6, 1], "uv": [38, 105]}
				]
			},
			{
				"name": "bone16",
				"parent": "bone15",
				"pivot": [-3, 5.5762, 3.96525],
				"rotation": [0, 0, 9.85108],
				"cubes": [
					{"origin": [-5.02971, 5.74729, 2.97944], "size": [2, 6, 1], "uv": [24, 105]}
				]
			},
			{
				"name": "bone17",
				"parent": "bone15",
				"pivot": [3, 5.5762, 3.96525],
				"rotation": [0, 0, -9.85108],
				"cubes": [
					{"origin": [3.02971, 5.74729, 2.98144], "size": [2, 6, 1], "uv": [31, 105]}
				]
			},
			{
				"name": "legLeft",
				"pivot": [2, 9, 0],
				"cubes": [
					{"origin": [0.5, 0, -1.5], "size": [3, 9, 3], "uv": [22, 28]}
				]
			},
			{
				"name": "bootsLeft",
				"parent": "legLeft",
				"pivot": [2, 9, 0],
				"cubes": [
					{"origin": [0, 1, -2.25], "size": [4, 1, 4.5], "uv": [112, 102]},
					{"origin": [0.25, -0.5, -1.75], "size": [3.5, 2, 3.5], "uv": [85, 111]}
				]
			},
			{
				"name": "legRight",
				"pivot": [-2, 9, 0],
				"cubes": [
					{"origin": [-3.5, 0, -1.5], "size": [3, 9, 3], "uv": [0, 29]}
				]
			},
			{
				"name": "bootsRight",
				"parent": "legRight",
				"pivot": [-2, 9, 0],
				"cubes": [
					{"origin": [-4, 1, -2.25], "size": [4, 1, 4.5], "uv": [112, 102]},
					{"origin": [-3.75, -0.5, -1.75], "size": [3.5, 2, 3.5], "uv": [85, 111]}
				]
			}
		]
	}
}