{
	"format_version": "1.10.0",
	"geometry.model": {
		"texturewidth": 128,
		"textureheight": 128,
		"visible_bounds_width": 9,
		"visible_bounds_height": 3,
		"visible_bounds_offset": [0, 1.5, 0],
		"bones": [
			{
				"name": "head",
				"pivot": [0, 18, 0],
				"cubes": [
					{"origin": [-4, 19, -4], "size": [8, 8, 8], "uv": [0, 0]},
					{"origin": [-4, 18, -4], "size": [8, 9, 8], "uv": [0, 42], "inflate": 0.2},
					{"origin": [-5, 18.5, -3], "size": [10, 9, 2], "uv": [73, 45]}
				]
			},
			{
				"name": "blink",
				"parent": "head",
				"pivot": [0, 0, 0],
				"cubes": [
					{"origin": [-4, 19, -4.001], "size": [8, 8, 0], "uv": [104, 44]}
				]
			},
			{
				"name": "ear",
				"parent": "head",
				"pivot": [-0.06563, 24.57408, 2.99937],
				"rotation": [0, 0, 15]
			},
			{
				"name": "ear1_2",
				"parent": "ear",
				"pivot": [-0.03407, 21.25882, -1],
				"rotation": [0, 0, 12.5],
				"cubes": [
					{"origin": [1.86594, 25.60898, -2], "size": [2, 2, 2], "uv": [33, 10], "mirror": true}
				]
			},
			{
				"name": "ear1_1",
				"parent": "ear",
				"pivot": [6.28066, 25.20292, -1.95666],
				"rotation": [-18.14482, 42.28224, -21.42773],
				"cubes": [
					{"origin": [3.04875, 24.17067, -3.19455], "size": [6, 4, 2], "uv": [25, 1]}
				]
			},
			{
				"name": "ear2",
				"parent": "head",
				"pivot": [0.06563, 24.57408, 2.99937],
				"rotation": [0, 0, -15]
			},
			{
				"name": "ear1_3",
				"parent": "ear2",
				"pivot": [0.03407, 21.25882, -1],
				"rotation": [0, 0, -12.5],
				"cubes": [
					{"origin": [-3.86594, 25.60898, -2], "size": [2, 2, 2], "uv": [33, 10]}
				]
			},
			{
				"name": "ear1_4",
				"parent": "ear2",
				"pivot": [-6.28066, 25.20292, -1.95666],
				"rotation": [-18.14482, -42.28224, 21.42773],
				"cubes": [
					{"origin": [-9.04875, 24.17067, -3.19455], "size": [6, 4, 2], "uv": [25, 1], "mirror": true}
				]
			},
			{
				"name": "armRight",
				"pivot": [-3, 18.5, 0],
				"rotation": [0, 0, 25],
				"cubes": [
					{"origin": [-5, 10.5, -1], "size": [2, 8, 2], "uv": [13, 29]},
					{"origin": [-5.5, 16, -1.5], "size": [3, 3, 3], "uv": [116, 14]}
				]
			},
			{
				"name": "armLeft",
				"pivot": [3, 18.5, 0],
				"rotation": [0, 0, -25],
				"cubes": [
					{"origin": [3, 10.5, -1], "size": [2, 8, 2], "uv": [38, 28]},
					{"origin": [2.5, 16, -1.5], "size": [3, 3, 3], "uv": [116, 22]}
				]
			},
			{
				"name": "body",
				"pivot": [0, 10.5, 0],
				"cubes": [
					{"origin": [-3, 14, -3], "size": [6, 5, 6], "uv": [0, 17]},
					{"origin": [-3, 12, -3], "size": [6, 2, 6], "uv": [33, 50]},
					{"origin": [-3.5, 10, -3], "size": [7, 2, 6], "uv": [25, 17]},
					{"origin": [-3.5, 13, -3.5], "size": [7, 2, 7], "uv": [72, 0]},
					{"origin": [-4, 8, -3], "size": [8, 2, 6], "uv": [42, 39], "inflate": -0.1},
					{"origin": [-1, 16.5, -4], "size": [2, 2, 2], "uv": [42, 9]}
				]
			},
			{
				"name": "feixiu1",
				"parent": "body",
				"pivot": [-4, 16.5, 0],
				"rotation": [0, 0, 30],
				"cubes": [
					{"origin": [-6.5, 16.36603, -2], "size": [4, 3, 4], "uv": [93, 17]}
				]
			},
			{
				"name": "feixiu2",
				"parent": "body",
				"pivot": [5, 17.5, 0],
				"rotation": [0, 0, -30],
				"cubes": [
					{"origin": [2.5, 16.86603, -2], "size": [4, 3, 4], "uv": [112, 29]}
				]
			},
			{
				"name": "tail",
				"parent": "body",
				"pivot": [0, 11, 3]
			},
			{
				"name": "bow",
				"parent": "tail",
				"pivot": [0, 13, 4],
				"cubes": [
					{"origin": [-1, 13.5, 2], "size": [2, 2, 3], "uv": [66, 35]}
				]
			},
			{
				"name": "bow2_1",
				"parent": "bow",
				"pivot": [-1, 12, 3],
				"rotation": [0, -17.5, 12.5],
				"cubes": [
					{"origin": [-0.70642, 12.9763, 2.06508], "size": [6, 2, 1], "uv": [78, 37]}
				]
			},
			{
				"name": "bow2_2",
				"parent": "bow",
				"pivot": [0, 12, 3],
				"rotation": [0, -20, -7.5],
				"cubes": [
					{"origin": [0.12265, 12.99144, 1.95536], "size": [6, 2, 1], "uv": [78, 40]}
				]
			},
			{
				"name": "bow1_1",
				"parent": "bow",
				"pivot": [-1, 12, 3],
				"rotation": [-4, 27, -8.5],
				"cubes": [
					{"origin": [-5.3683, 12.99129, 2.99795], "size": [6, 2, 1], "uv": [92, 40]}
				]
			},
			{
				"name": "bow1_2",
				"parent": "bow",
				"pivot": [-1, 12, 3],
				"rotation": [7.5, 26.5, 17],
				"cubes": [
					{"origin": [-6.26165, 12.96515, 2.99548], "size": [6, 2, 1], "uv": [92, 37]}
				]
			},
			{
				"name": "tailOffset",
				"parent": "tail",
				"pivot": [0, 11, 3],
				"rotation": [-10, 0, 0]
			},
			{
				"name": "tailFront",
				"parent": "tailOffset",
				"pivot": [0, 9, 3],
				"rotation": [-27.5, 0, 0],
				"cubes": [
					{"origin": [-2, 9.79335, 2.39124], "size": [4, 3, 5], "uv": [42, 0]},
					{"origin": [-1, 10.79335, 0.39124], "size": [2, 2, 2], "uv": [39, 40]}
				]
			},
			{
				"name": "tailMiddle3",
				"parent": "tailOffset",
				"pivot": [-6, 9.5, 1],
				"rotation": [-60, 0, 0],
				"cubes": [
					{"origin": [-3, 14.1901, 0.26127], "size": [6, 8, 7], "uv": [53, 10]}
				]
			},
			{
				"name": "tailMiddle2",
				"parent": "tailOffset",
				"pivot": [-6, 9.5, 1],
				"rotation": [-20, 0, 0],
				"cubes": [
					{"origin": [-2, 15.71411, 8.5], "size": [4, 7, 5], "uv": [47, 26]}
				]
			},
			{
				"name": "tailRear",
				"parent": "tailOffset",
				"pivot": [-6, 16.5, -2],
				"rotation": [-67.5, 0, 0],
				"cubes": [
					{"origin": [-1, 31.06452, 1.0237], "size": [2, 6, 3], "uv": [61, 0]}
				]
			},
			{
				"name": "chestPlate",
				"parent": "body",
				"pivot": [0, 10.5, 0],
				"cubes": [
					{"origin": [-3.5, 17.2, -3.5], "size": [7, 2, 7], "uv": [100, 0]}
				]
			},
			{
				"name": "ball",
				"parent": "chestPlate",
				"pivot": [1, 15, -5],
				"rotation": [-30, 0, 0],
				"cubes": [
					{"origin": [-2, 16, -6.5], "size": [4, 1, 4], "uv": [102, 10], "inflate": 0.2},
					{"origin": [-1.5, 15, -6], "size": [3, 3, 3], "uv": [94, 0], "inflate": 0.2}
				]
			},
			{
				"name": "skirt",
				"parent": "body",
				"pivot": [53, 0, 0]
			},
			{
				"name": "F",
				"parent": "skirt",
				"pivot": [0, 13, 0],
				"cubes": [
					{"origin": [-4.5, 11.1, -4.5], "size": [9, 2, 9], "uv": [0, 60]}
				]
			},
			{
				"name": "F15",
				"parent": "F",
				"pivot": [-5, 3.82635, -3.51519],
				"rotation": [-9.85108, 1.72794, 9.85108],
				"cubes": [
					{"origin": [-7.1, 5.62635, -7], "size": [3, 6, 3], "uv": [28, 80]},
					{"origin": [-5.96985, 3.65534, -6], "size": [2, 8, 2], "uv": [19, 80]}
				]
			},
			{
				"name": "F45",
				"parent": "F",
				"pivot": [-4.44457, 8.84564, -0.10828],
				"rotation": [9.85108, -1.72794, 9.85108],
				"cubes": [
					{"origin": [-4.9938, 3.09059, 3.07336], "size": [2, 8, 2], "uv": [19, 80]}
				]
			},
			{
				"name": "F25",
				"parent": "F",
				"pivot": [0.44457, 8.84564, -3.89172],
				"rotation": [-9.85108, -1.72794, -9.85108],
				"cubes": [
					{"origin": [3.1838, 5.05105, -6.13413], "size": [3, 6, 3], "uv": [28, 80], "mirror": true},
					{"origin": [3.05364, 3.08004, -5.13413], "size": [2, 8, 2], "uv": [19, 80], "mirror": true}
				]
			},
			{
				"name": "F35",
				"parent": "F",
				"pivot": [4.21858, 8.27748, -0.76195],
				"rotation": [9.85108, 1.72794, -9.85108],
				"cubes": [
					{"origin": [3.06781, 2.92243, 3.16209], "size": [2, 8, 2], "uv": [19, 80], "mirror": true}
				]
			},
			{
				"name": "F1",
				"parent": "F",
				"pivot": [22, 12, -6.5],
				"rotation": [-10, 0, 0],
				"cubes": [
					{"origin": [-4.5, 4.20403, -4.75], "size": [9, 8, 1], "uv": [1, 71]},
					{"origin": [-4.1, 6.20403, -5.75], "size": [8, 6, 1], "uv": [0, 81]}
				]
			},
			{
				"name": "F4",
				"parent": "F",
				"pivot": [-0.25, 8.94262, -0.7379],
				"rotation": [10, 0, 0],
				"cubes": [
					{"origin": [-4.5, 2.90073, 4.17095], "size": [9, 8, 1], "uv": [22, 71]}
				]
			},
			{
				"name": "F2",
				"parent": "F",
				"pivot": [0, 13, -0.5],
				"rotation": [-10, 90, 0],
				"cubes": [
					{"origin": [-5, 3.1, -5], "size": [9, 8, 1], "uv": [43, 71]},
					{"origin": [1, 5.1, -6], "size": [3, 6, 1], "uv": [41, 81]}
				]
			},
			{
				"name": "F3",
				"parent": "F",
				"pivot": [5.28251, 8.95586, -1.5],
				"rotation": [-10, -90, 0],
				"cubes": [
					{"origin": [2.28251, 3.95586, -1.5], "size": [9, 8, 1], "uv": [43, 71], "mirror": true},
					{"origin": [2.28251, 5.95586, -2.5], "size": [3, 6, 1], "uv": [41, 81], "mirror": true}
				]
			},
			{
				"name": "skirtFL",
				"parent": "skirt",
				"pivot": [29, 12.5, -2.5]
			},
			{
				"name": "legLeft",
				"pivot": [2, 9, 0],
				"cubes": [
					{"origin": [0.5, 1, -1.5], "size": [3, 9, 3], "uv": [25, 28]},
					{"origin": [0, -0.5, -2], "size": [4, 3, 4], "uv": [52, 48], "inflate": -0.3}
				]
			},
			{
				"name": "legRight",
				"pivot": [-2, 9, 0],
				"cubes": [
					{"origin": [-3.5, 1, -1.5], "size": [3, 9, 3], "uv": [0, 29]},
					{"origin": [-4, -0.5, -2], "size": [4, 3, 4], "uv": [52, 48], "inflate": -0.3}
				]
			}
		]
	}
}