{
	"format_version": "1.10.0",
	"geometry.model": {
		"texturewidth": 128,
		"textureheight": 128,
		"visible_bounds_width": 4,
		"visible_bounds_height": 3,
		"visible_bounds_offset": [0, 1.5, 0],
		"bones": [
			{
				"name": "head",
				"pivot": [0, 19, 0],
				"cubes": [
					{"origin": [-4, 19, -4], "size": [8, 8, 8], "uv": [0, 0]},
					{"origin": [-4, 18, -4], "size": [8, 9, 8], "uv": [0, 42], "inflate": 0.2},
					{"origin": [-1.5, 26, -1], "size": [3, 3, 3], "uv": [65, 25]}
				]
			},
			{
				"name": "blink",
				"parent": "head",
				"pivot": [0, 0, 0],
				"cubes": [
					{"origin": [-4, 19, -4.001], "size": [8, 8, 0], "uv": [48, 42]}
				]
			},
			{
				"name": "ear",
				"parent": "head",
				"pivot": [-0.06563, 24.57408, 2.99937],
				"rotation": [0, 0, 15]
			},
			{
				"name": "ear1_2",
				"parent": "ear",
				"pivot": [-0.03407, 21.25882, -1],
				"rotation": [0, 0, 12.5],
				"cubes": [
					{"origin": [1.86594, 25.60898, -2], "size": [2, 2, 2], "uv": [33, 10], "mirror": true}
				]
			},
			{
				"name": "ear1_1",
				"parent": "ear",
				"pivot": [6.28066, 25.20292, -1.95666],
				"rotation": [-18.14482, 42.28224, -21.42773],
				"cubes": [
					{"origin": [3.04875, 24.17067, -3.19455], "size": [6, 4, 2], "uv": [64, 57]}
				]
			},
			{
				"name": "ear2",
				"parent": "head",
				"pivot": [0.06563, 24.57408, 2.99937],
				"rotation": [0, 0, -15]
			},
			{
				"name": "ear1_3",
				"parent": "ear2",
				"pivot": [0.03407, 21.25882, -1],
				"rotation": [0, 0, -12.5],
				"cubes": [
					{"origin": [-3.86594, 25.60898, -2], "size": [2, 2, 2], "uv": [33, 10]}
				]
			},
			{
				"name": "ear1_4",
				"parent": "ear2",
				"pivot": [-6.28066, 25.20292, -1.95666],
				"rotation": [-18.14482, -42.28224, 21.42773],
				"cubes": [
					{"origin": [-9.04875, 24.17067, -3.19455], "size": [6, 4, 2], "uv": [64, 57], "mirror": true}
				]
			},
			{
				"name": "band",
				"parent": "head",
				"pivot": [0, 19, 1],
				"cubes": [
					{"origin": [-4, 28.001, 0.5], "size": [8, 0, 1], "uv": [77, 26]}
				]
			},
			{
				"name": "bone7",
				"parent": "band",
				"pivot": [0, 19, 1],
				"rotation": [0, 0, -10],
				"cubes": [
					{"origin": [7.22215, 21.71163, 0.5], "size": [0, 3, 1], "uv": [80, 27]},
					{"origin": [6.22215, 19.71163, 0], "size": [2, 2, 2], "uv": [80, 12]},
					{"origin": [6.72215, 16.71163, 1], "size": [1, 3, 0], "uv": [80, 28]},
					{"origin": [6.72365, 17.98481, 0.5], "size": [1, 1, 1], "uv": [67, 29]}
				]
			},
			{
				"name": "bone5",
				"parent": "band",
				"pivot": [0, 19, 1],
				"rotation": [0, 0, 10],
				"cubes": [
					{"origin": [-7.22261, 21.7118, 0.5], "size": [0, 3, 1], "uv": [80, 27]},
					{"origin": [-8.22261, 19.7118, 0], "size": [2, 2, 2], "uv": [80, 12]},
					{"origin": [-7.72261, 16.7118, 1], "size": [1, 3, 0], "uv": [80, 28]},
					{"origin": [-7.72365, 17.98481, 0.5], "size": [1, 1, 1], "uv": [66, 29]}
				]
			},
			{
				"name": "bone6",
				"parent": "band",
				"pivot": [0, 19, 1],
				"rotation": [0, 0, 45],
				"cubes": [
					{"origin": [-9.19239, 19.53554, 0.5], "size": [0, 3, 1], "uv": [78, 27]}
				]
			},
			{
				"name": "bone8",
				"parent": "band",
				"pivot": [0, 19, 1],
				"rotation": [0, 0, -45],
				"cubes": [
					{"origin": [9.1931, 19.53624, 0.5], "size": [0, 3, 1], "uv": [78, 27]}
				]
			},
			{
				"name": "armRight",
				"pivot": [-3, 18.5, 0],
				"rotation": [0, 0, 25],
				"cubes": [
					{"origin": [-5, 10.5, -1], "size": [2, 8, 2], "uv": [13, 29]}
				]
			},
			{
				"name": "xiuzi1",
				"parent": "armRight",
				"pivot": [-2.57738, 17.59369, 0],
				"cubes": [
					{"origin": [-5.5, 11.7943, -1.5], "size": [3, 5, 3], "uv": [25, 79]},
					{"origin": [-4.5, 11.7943, 1.5], "size": [1, 5, 4], "uv": [41, 78]}
				]
			},
			{
				"name": "armLeft",
				"pivot": [3, 18.5, 0],
				"rotation": [0, 0, -25],
				"cubes": [
					{"origin": [3, 10.5, -1], "size": [2, 8, 2], "uv": [38, 28]}
				]
			},
			{
				"name": "xiuzi2",
				"parent": "armLeft",
				"pivot": [4.73415, 17.79013, 0],
				"cubes": [
					{"origin": [2.65677, 11.99073, -1.5], "size": [3, 5, 3], "uv": [25, 79]},
					{"origin": [3.65677, 11.99073, 1.5], "size": [1, 5, 4], "uv": [41, 78]}
				]
			},
			{
				"name": "body",
				"pivot": [0, 10.5, 0],
				"cubes": [
					{"origin": [-3, 14, -3], "size": [6, 5, 6], "uv": [0, 17]},
					{"origin": [-3, 10, -3], "size": [6, 4, 6], "uv": [33, 50]}
				]
			},
			{
				"name": "ball",
				"parent": "body",
				"pivot": [0, 0, 0],
				"cubes": [
					{"origin": [-1.5, 15.5, -5], "size": [3, 3, 3], "uv": [80, 6]},
					{"origin": [-1, 12.5, -5], "size": [2, 2, 2], "uv": [80, 12]}
				]
			},
			{
				"name": "skirt",
				"parent": "body",
				"pivot": [0, 0, 0]
			},
			{
				"name": "SF",
				"parent": "skirt",
				"pivot": [0, 12, -3.5]
			},
			{
				"name": "skirtfront",
				"parent": "SF",
				"pivot": [0, 12, -3.5],
				"rotation": [-15, 0, 0],
				"cubes": [
					{"origin": [-3.5, 6.22475, -3.29289], "size": [7, 7, 1], "uv": [1, 64]}
				]
			},
			{
				"name": "skirtfrontM",
				"parent": "SF",
				"pivot": [0, 12, 0.5],
				"rotation": [15, 0, 0],
				"cubes": [
					{"origin": [-3.5, 5.44829, 2.19067], "size": [7, 7, 1], "uv": [1, 64]}
				]
			},
			{
				"name": "skirtFL",
				"parent": "skirt",
				"pivot": [-2, 12.5, -2.5],
				"rotation": [-20, 45, 0],
				"cubes": [
					{"origin": [-4, 6.13969, -2.34202], "size": [3, 7, 1], "uv": [29, 64]}
				]
			},
			{
				"name": "skirtFR",
				"parent": "skirt",
				"pivot": [0, 12.5, -2.5],
				"rotation": [-20, -45, 0],
				"cubes": [
					{"origin": [0.40099, 5.78499, -3.64202], "size": [3, 7, 1], "uv": [29, 64], "mirror": true}
				]
			},
			{
				"name": "skirtFB",
				"parent": "skirt",
				"pivot": [-2, 12.5, -0.5],
				"rotation": [17.5, -45, 0],
				"cubes": [
					{"origin": [-1.67157, 5.52846, 0.30071], "size": [3, 7, 1], "uv": [29, 64]}
				]
			},
			{
				"name": "skirtFBM",
				"parent": "skirt",
				"pivot": [0, 12.5, -0.5],
				"rotation": [17.5, 45, 0],
				"cubes": [
					{"origin": [-1.91421, 5.1032, 1.60071], "size": [3, 7, 1], "uv": [29, 64], "mirror": true}
				]
			},
			{
				"name": "SL",
				"parent": "skirt",
				"pivot": [-4, 12, 0]
			},
			{
				"name": "skirtleft",
				"parent": "SL",
				"pivot": [-4, 12, 0],
				"rotation": [0, 0, 15],
				"cubes": [
					{"origin": [-3.79289, 6.22475, -3], "size": [1, 7, 6], "uv": [12, 66]}
				]
			},
			{
				"name": "skirtleftM",
				"parent": "SL",
				"pivot": [0, 12, 0],
				"rotation": [0, 0, -15],
				"cubes": [
					{"origin": [2.6566, 5.18947, -3], "size": [1, 7, 6], "uv": [12, 66], "mirror": true}
				]
			},
			{
				"name": "tail",
				"parent": "body",
				"pivot": [0, 11, 3]
			},
			{
				"name": "tailOffset",
				"parent": "tail",
				"pivot": [0, 11, 3],
				"rotation": [-10, 0, 0]
			},
			{
				"name": "tailFront",
				"parent": "tailOffset",
				"pivot": [0, 9, 3],
				"rotation": [-27.5, 0, 0],
				"cubes": [
					{"origin": [-2, 9.79335, 2.39124], "size": [4, 3, 5], "uv": [42, 0]},
					{"origin": [-1, 10.79335, 0.39124], "size": [2, 2, 2], "uv": [39, 40]}
				]
			},
			{
				"name": "tailMiddle3",
				"parent": "tailOffset",
				"pivot": [-6, 9.5, 1],
				"rotation": [-60, 0, 0],
				"cubes": [
					{"origin": [-3, 14.1901, 0.26127], "size": [6, 8, 7], "uv": [53, 10]}
				]
			},
			{
				"name": "tailMiddle2",
				"parent": "tailOffset",
				"pivot": [-6, 9.5, 1],
				"rotation": [-20, 0, 0],
				"cubes": [
					{"origin": [-2, 15.71411, 8.5], "size": [4, 7, 5], "uv": [47, 26]}
				]
			},
			{
				"name": "tailRear",
				"parent": "tailOffset",
				"pivot": [-6, 16.5, -2],
				"rotation": [-67.5, 0, 0],
				"cubes": [
					{"origin": [-1, 31.06452, 1.0237], "size": [2, 6, 3], "uv": [61, 0]}
				]
			},
			{
				"name": "yifu",
				"parent": "body",
				"pivot": [0, 10.5, 0]
			},
			{
				"name": "yifufront",
				"parent": "yifu",
				"pivot": [0, 14.03422, -3.0221],
				"rotation": [-7.5, 0, 0],
				"cubes": [
					{"origin": [-3.5, 11.99144, -3.65263], "size": [7, 7, 1], "uv": [2, 80]}
				]
			},
			{
				"name": "yifuback",
				"parent": "yifu",
				"pivot": [0, 17.03422, 3.0221],
				"rotation": [7.5, 0, 0],
				"cubes": [
					{"origin": [-3.5, 11.99144, 2.26106], "size": [7, 7, 1], "uv": [2, 80]}
				]
			},
			{
				"name": "jie",
				"parent": "body",
				"pivot": [-3, 10.5, 0],
				"cubes": [
					{"origin": [-4, 12.5, -1], "size": [1, 2, 2], "uv": [38, 64]}
				]
			},
			{
				"name": "jie3",
				"parent": "jie",
				"pivot": [-3.5, 11.5, 0],
				"rotation": [14.24571, -3.24219, 33.60695],
				"cubes": [
					{"origin": [-4.45261, 5.79954, -0.66471], "size": [1, 7, 2], "uv": [79, 67]}
				]
			},
			{
				"name": "jie4",
				"parent": "jie",
				"pivot": [-3.5, 11.5, 0],
				"rotation": [-13.39821, -11.31335, 33.34411],
				"cubes": [
					{"origin": [-4.33899, 4.83763, -1.58868], "size": [1, 7, 2], "uv": [79, 67]}
				]
			},
			{
				"name": "jie1",
				"parent": "jie",
				"pivot": [-4, 12, 1],
				"rotation": [0, -40, 0]
			},
			{
				"name": "jie1_1",
				"parent": "jie1",
				"pivot": [-4, 11.5, 0],
				"rotation": [15, 0, 0],
				"cubes": [
					{"origin": [-3.33396, 12.43229, 0.75882], "size": [1, 2, 4], "uv": [48, 70]}
				]
			},
			{
				"name": "jie1_2",
				"parent": "jie1",
				"pivot": [-4, 12.5, 1],
				"rotation": [-12.5, 0, 0],
				"cubes": [
					{"origin": [-3.23396, 12.33717, -0.04399], "size": [1, 2, 4], "uv": [38, 70]}
				]
			},
			{
				"name": "jie2",
				"parent": "jie",
				"pivot": [-4, 12, 0],
				"rotation": [0, 35, 0]
			},
			{
				"name": "jie1_3",
				"parent": "jie2",
				"pivot": [-3.91284, 11.5, 0.00381],
				"rotation": [-15, 0, 0],
				"cubes": [
					{"origin": [-3.19369, 12.41438, -4.75882], "size": [1, 2, 4], "uv": [68, 70]}
				]
			},
			{
				"name": "jie1_4",
				"parent": "jie2",
				"pivot": [-3.91284, 12.5, -0.99619],
				"rotation": [12.5, 0, 0],
				"cubes": [
					{"origin": [-3.09369, 12.35215, -4.01977], "size": [1, 2, 4], "uv": [58, 70]}
				]
			},
			{
				"name": "legLeft",
				"pivot": [2, 9, 0],
				"cubes": [
					{"origin": [0.5, 1, -1.5], "size": [3, 9, 3], "uv": [25, 28]}
				]
			},
			{
				"name": "xie2",
				"parent": "legLeft",
				"pivot": [8, 11, -2],
				"cubes": [
					{"origin": [0.5, 0, -2], "size": [3, 1, 4], "uv": [79, 28]},
					{"origin": [0.4, 0.8, -1.8], "size": [3.2, 2, 4], "uv": [93, 28]}
				]
			},
			{
				"name": "legRight",
				"pivot": [-2, 9, 0],
				"cubes": [
					{"origin": [-3.5, 1, -1.5], "size": [3, 9, 3], "uv": [0, 29]}
				]
			},
			{
				"name": "xie1",
				"parent": "legRight",
				"pivot": [4, 11, -2],
				"cubes": [
					{"origin": [-3.5, 0, -2], "size": [3, 1, 4], "uv": [79, 28]},
					{"origin": [-3.6, 0.8, -1.8], "size": [3.2, 2, 4], "uv": [93, 28]}
				]
			}
		]
	}
}