{
	"format_version": "1.10.0",
	"geometry.model": {
		"texturewidth": 128,
		"textureheight": 128,
		"visible_bounds_width": 4,
		"visible_bounds_height": 3,
		"visible_bounds_offset": [0, 1.5, 0],
		"bones": [
			{
				"name": "head",
				"pivot": [0, 18, 0],
				"cubes": [
					{"origin": [-4, 18, -4], "size": [8, 8, 8], "uv": [0, 0]},
					{"origin": [-4, 17, -4], "size": [8, 9, 8], "uv": [0, 42], "inflate": 0.2}
				]
			},
			{
				"name": "blink",
				"parent": "head",
				"pivot": [0, 0, 0],
				"cubes": [
					{"origin": [-4, 18, -4.001], "size": [8, 8, 0], "uv": [48, 42]}
				]
			},
			{
				"name": "ear",
				"parent": "head",
				"pivot": [-0.06563, 24.57408, 2.99937],
				"rotation": [0, 0, 15]
			},
			{
				"name": "ear1_2",
				"parent": "ear",
				"pivot": [-0.03407, 21.25882, -1],
				"rotation": [0, 0, 12.5],
				"cubes": [
					{"origin": [2.32769, 24.72197, -2], "size": [2, 2, 2], "uv": [33, 10], "mirror": true}
				]
			},
			{
				"name": "ear1_1",
				"parent": "ear",
				"pivot": [6.28066, 25.20292, -1.95666],
				"rotation": [-18.14482, 42.28224, -21.42773],
				"cubes": [
					{"origin": [2.96593, 23.20292, -2.95666], "size": [6, 4, 2], "uv": [64, 57]}
				]
			},
			{
				"name": "ear2",
				"parent": "head",
				"pivot": [0.06563, 24.57408, 2.99937],
				"rotation": [0, 0, -15]
			},
			{
				"name": "ear1_3",
				"parent": "ear2",
				"pivot": [0.03407, 21.25882, -1],
				"rotation": [0, 0, -12.5],
				"cubes": [
					{"origin": [-4.32769, 24.72197, -2], "size": [2, 2, 2], "uv": [33, 10]}
				]
			},
			{
				"name": "ear1_4",
				"parent": "ear2",
				"pivot": [-6.28066, 25.20292, -1.95666],
				"rotation": [-18.14482, -42.28224, 21.42773],
				"cubes": [
					{"origin": [-8.96593, 23.20292, -2.95666], "size": [6, 4, 2], "uv": [64, 57], "mirror": true}
				]
			},
			{
				"name": "armRight",
				"pivot": [-3, 17.5, 0],
				"rotation": [0, 0, 25],
				"cubes": [
					{"origin": [-5, 9.5, -1], "size": [2, 8, 2], "uv": [13, 29]}
				]
			},
			{
				"name": "armLeft",
				"pivot": [3, 17.5, 0],
				"rotation": [0, 0, -25],
				"cubes": [
					{"origin": [3, 9.5, -1], "size": [2, 8, 2], "uv": [38, 28]}
				]
			},
			{
				"name": "body",
				"pivot": [0, 10.5, 0],
				"cubes": [
					{"origin": [-3, 13, -3], "size": [6, 5, 6], "uv": [0, 17]},
					{"origin": [-3, 11, -3], "size": [6, 2, 6], "uv": [33, 50]},
					{"origin": [-3.5, 9, -3], "size": [7, 2, 6], "uv": [25, 17]},
					{"origin": [-1, 15.5, -5], "size": [2, 2, 2], "uv": [42, 9]}
				]
			},
			{
				"name": "tail",
				"parent": "body",
				"pivot": [0, 11, 3]
			},
			{
				"name": "tailOffset",
				"parent": "tail",
				"pivot": [0, 11, 3],
				"rotation": [-10, 0, 0]
			},
			{
				"name": "tailFront",
				"parent": "tailOffset",
				"pivot": [0, 9, 3],
				"rotation": [-27.5, 0, 0],
				"cubes": [
					{"origin": [-2, 9, 3], "size": [4, 3, 5], "uv": [42, 0]},
					{"origin": [-1, 10, 1], "size": [2, 2, 2], "uv": [39, 40]}
				]
			},
			{
				"name": "tailMiddle3",
				"parent": "tailOffset",
				"pivot": [-6, 9.5, 1],
				"rotation": [-60, 0, 0],
				"cubes": [
					{"origin": [-3, 13.84808, 1.20096], "size": [6, 8, 7], "uv": [53, 10]}
				]
			},
			{
				"name": "tailMiddle2",
				"parent": "tailOffset",
				"pivot": [-6, 9.5, 1],
				"rotation": [-20, 0, 0],
				"cubes": [
					{"origin": [-2, 14.84808, 9], "size": [4, 7, 5], "uv": [47, 26]}
				]
			},
			{
				"name": "tailRear",
				"parent": "tailOffset",
				"pivot": [-6, 16.5, -2],
				"rotation": [-67.5, 0, 0],
				"cubes": [
					{"origin": [-1, 30.84808, 2], "size": [2, 6, 3], "uv": [61, 0]}
				]
			},
			{
				"name": "legLeft",
				"pivot": [2, 9, 0],
				"cubes": [
					{"origin": [0.5, 0, -1.5], "size": [3, 9, 3], "uv": [25, 28]}
				]
			},
			{
				"name": "legRight",
				"pivot": [-2, 9, 0],
				"cubes": [
					{"origin": [-3.5, 0, -1.5], "size": [3, 9, 3], "uv": [0, 29]}
				]
			}
		]
	}
}