{
	"format_version": "1.12.0",
	"minecraft:geometry": [
		{
			"description": {
				"identifier": "geometry.model",
				"texture_width": 64,
				"texture_height": 64,
				"visible_bounds_width": 3,
				"visible_bounds_height": 4,
				"visible_bounds_offset": [0, 1, 0]
			},
			"bones": [
				{
					"name": "head",
					"pivot": [0, 20.3, 0.25],
					"cubes": [
						{
							"origin": [-3.25, 20.3, -3.25],
							"size": [6.5, 6, 5.75],
							"uv": {
								"north": {"uv": [0, 8], "uv_size": [6.5, 6]},
								"east": {"uv": [7, 20], "uv_size": [5.75, 6]},
								"south": {"uv": [7, 8], "uv_size": [6.5, 6]},
								"west": {"uv": [21, 6], "uv_size": [5.75, 6]},
								"up": {"uv": [14, 12], "uv_size": [6.5, 5.75]},
								"down": {"uv": [14, 23.75], "uv_size": [6.5, -5.75]}
							}
						}
					]
				},
				{
					"name": "Hair",
					"parent": "head",
					"pivot": [0, 0, 0],
					"cubes": [
						{
							"origin": [-3.5, 21.9, -2.5],
							"size": [6.9, 4.7, 5.4],
							"uv": {
								"north": {"uv": [13, 24], "uv_size": [6.875, 4.75]},
								"east": {"uv": [27, 23], "uv_size": [5.375, 4.75]},
								"south": {"uv": [20, 24], "uv_size": [6.875, 4.75]},
								"west": {"uv": [27, 28], "uv_size": [5.375, 4.75]},
								"up": {"uv": [19, 0], "uv_size": [6.875, 5.375]},
								"down": {"uv": [0, 25.375], "uv_size": [6.875, -5.375]}
							}
						},
						{
							"origin": [-3.5, 20.5, -1.4],
							"size": [6.9, 1.9, 4.5],
							"pivot": [3.4, 22, 0],
							"rotation": [7.5, -2.5, 0],
							"uv": {
								"north": {"uv": [38, 37], "uv_size": [6.875, 1.875]},
								"east": {"uv": [45, 37], "uv_size": [4.5, 1.875]},
								"south": {"uv": [39, 4], "uv_size": [6.875, 1.875]},
								"west": {"uv": [46, 6], "uv_size": [4.5, 1.875]},
								"up": {"uv": [0, 26], "uv_size": [6.875, 4.5]},
								"down": {"uv": [26, 4.5], "uv_size": [6.875, -4.5]}
							}
						},
						{
							"origin": [-2.5, 20.5, -1.4],
							"size": [4.9, 1.15, 4.5],
							"pivot": [3.4, 21.25, 0],
							"rotation": [-5, -2.5, 0],
							"uv": {
								"north": {"uv": [38, 37], "uv_size": [6.875, 1.875]},
								"east": {"uv": [45, 37], "uv_size": [4.5, 1.875]},
								"south": {"uv": [39, 4], "uv_size": [6.875, 1.875]},
								"west": {"uv": [46, 6], "uv_size": [4.5, 1.875]},
								"up": {"uv": [0, 26], "uv_size": [6.875, 4.5]},
								"down": {"uv": [26, 4.5], "uv_size": [6.875, -4.5]}
							}
						},
						{
							"origin": [-3, 25.9, -3.5],
							"size": [6, 1.1, 5.75],
							"uv": {
								"north": {"uv": [47, 36], "uv_size": [6, 1]},
								"east": {"uv": [50, 3], "uv_size": [5.5, 1]},
								"south": {"uv": [48, 5], "uv_size": [6, 1]},
								"west": {"uv": [50, 4], "uv_size": [5.5, 1]},
								"up": {"uv": [21, 12], "uv_size": [6, 5.5]},
								"down": {"uv": [21, 23.5], "uv_size": [6, -5.5]}
							}
						},
						{
							"origin": [-2.75, 26.75, -3],
							"size": [5.5, 1.05, 5],
							"uv": {
								"north": {"uv": [50, 37], "uv_size": [5.5, 1]},
								"east": {"uv": [51, 10], "uv_size": [5, 1]},
								"south": {"uv": [50, 38], "uv_size": [5.5, 1]},
								"west": {"uv": [51, 35], "uv_size": [5, 1]},
								"up": {"uv": [27, 13], "uv_size": [5.5, 5]},
								"down": {"uv": [27, 23], "uv_size": [5.5, -5]}
							}
						},
						{
							"origin": [1.35, 23.5, -2.8],
							"size": [0.5, 3, 1.25],
							"pivot": [2.35, 23.5, -2.55],
							"rotation": [-35, 0, 155],
							"uv": {
								"north": {"uv": [25, 58], "uv_size": [0.5, 3]},
								"east": {"uv": [30, 54], "uv_size": [1.25, 3]},
								"south": {"uv": [58, 28], "uv_size": [0.5, 3]},
								"west": {"uv": [54, 32], "uv_size": [1.25, 3]},
								"up": {"uv": [60, 6], "uv_size": [0.5, 1.25]},
								"down": {"uv": [7, 61.25], "uv_size": [0.5, -1.25]}
							}
						},
						{
							"origin": [1.6, 23, -2.55],
							"size": [0.5, 3, 1.25],
							"pivot": [2.6, 23.25, -2.3],
							"rotation": [-22.19156, 3.81024, 164.25248],
							"uv": {
								"north": {"uv": [58, 31], "uv_size": [0.5, 3]},
								"east": {"uv": [37, 54], "uv_size": [1.25, 3]},
								"south": {"uv": [58, 34], "uv_size": [0.5, 3]},
								"west": {"uv": [45, 54], "uv_size": [1.25, 3]},
								"up": {"uv": [60, 9], "uv_size": [0.5, 1.25]},
								"down": {"uv": [11, 61.25], "uv_size": [0.5, -1.25]}
							}
						}
					]
				},
				{
					"name": "HairFront",
					"parent": "Hair",
					"pivot": [0, 0, -0.25],
					"cubes": [
						{
							"origin": [-0.75, 25.75, -3.25],
							"size": [2, 1.3, 1],
							"pivot": [0.25, 25.75, -2.25],
							"rotation": [15, 0, 0],
							"uv": {
								"north": {"uv": [56, 52], "uv_size": [2, 1.25]},
								"east": {"uv": [42, 35], "uv_size": [1, 1.25]},
								"south": {"uv": [56, 54], "uv_size": [2, 1.25]},
								"west": {"uv": [33, 45], "uv_size": [1, 1.25]},
								"up": {"uv": [37, 57], "uv_size": [2, 1]},
								"down": {"uv": [57, 38], "uv_size": [2, -1]}
							}
						},
						{
							"origin": [0.15, 25.25, -3.75],
							"size": [2.2, 1.75, 2],
							"pivot": [1.25, 24.75, -2.75],
							"rotation": [-32.5, 0, 0],
							"uv": {
								"north": {"uv": [49, 54], "uv_size": [2.25, 1.5]},
								"east": {"uv": [0, 56], "uv_size": [2, 1.5]},
								"south": {"uv": [54, 50], "uv_size": [2.25, 1.5]},
								"west": {"uv": [56, 3], "uv_size": [2, 1.5]},
								"up": {"uv": [39, 35], "uv_size": [2.25, 2]},
								"down": {"uv": [40, 23], "uv_size": [2.25, -2]}
							}
						},
						{
							"origin": [3.45, 23.8, -3.3],
							"size": [0.5, 3, 1.6],
							"pivot": [4.45, 24.5, -2.7],
							"rotation": [10, 0, -17.5],
							"uv": {
								"north": {"uv": [58, 21], "uv_size": [0.5, 3]},
								"east": {"uv": [52, 15], "uv_size": [1.625, 3]},
								"south": {"uv": [23, 58], "uv_size": [0.5, 3]},
								"west": {"uv": [17, 52], "uv_size": [1.625, 3]},
								"up": {"uv": [50, 59], "uv_size": [0.5, 1.625]},
								"down": {"uv": [59, 51.625], "uv_size": [0.5, -1.625]}
							}
						},
						{
							"origin": [-1.05, 24.55, -3.55],
							"size": [3.75, 2.75, 1.6],
							"pivot": [-0.55, 24.5, -2.95],
							"rotation": [0, 0, -15],
							"uv": {
								"north": {"uv": [11, 26], "uv_size": [2, 3]},
								"east": {"uv": [48, 51], "uv_size": [1.625, 3]},
								"south": {"uv": [34, 9], "uv_size": [2, 3]},
								"west": {"uv": [50, 51], "uv_size": [1.625, 3]},
								"up": {"uv": [26, 55], "uv_size": [2, 1.625]},
								"down": {"uv": [55, 27.625], "uv_size": [2, -1.625]}
							}
						},
						{
							"origin": [2.7, 21.5, -3.9],
							"size": [0.95, 2.65, 1.3],
							"pivot": [3.3, 23.85, -4.75],
							"rotation": [9.6658, -2.57593, 4.78216],
							"uv": {
								"north": {"uv": [26, 57], "uv_size": [1, 2.125]},
								"east": {"uv": [56, 46], "uv_size": [1.25, 2.125]},
								"south": {"uv": [27, 57], "uv_size": [1, 2.125]},
								"west": {"uv": [50, 56], "uv_size": [1.25, 2.125]},
								"up": {"uv": [48, 11], "uv_size": [1, 1.25]},
								"down": {"uv": [45, 50.25], "uv_size": [1, -1.25]}
							}
						},
						{
							"origin": [-3.7, 22.25, -3.3],
							"size": [0.85, 2.15, 1.05],
							"pivot": [-3.2, 24.1, -4.15],
							"rotation": [-7.61267, -1.29875, -0.08385],
							"uv": {
								"north": {"uv": [26, 57], "uv_size": [1, 2.125]},
								"east": {"uv": [56, 46], "uv_size": [1.25, 2.125]},
								"south": {"uv": [27, 57], "uv_size": [1, 2.125]},
								"west": {"uv": [50, 56], "uv_size": [1.25, 2.125]},
								"up": {"uv": [48, 11], "uv_size": [1, 1.25]},
								"down": {"uv": [45, 50.25], "uv_size": [1, -1.25]}
							}
						},
						{
							"origin": [3.45, 23.5, -3.95],
							"size": [1.1, 3.2, 1.45],
							"pivot": [2.25, 21.25, -2.75],
							"rotation": [0, 0, -20],
							"uv": {
								"north": {"uv": [54, 46], "uv_size": [1.125, 3.25]},
								"east": {"uv": [6, 52], "uv_size": [1.5, 3.25]},
								"south": {"uv": [47, 54], "uv_size": [1.125, 3.25]},
								"west": {"uv": [52, 11], "uv_size": [1.5, 3.25]},
								"up": {"uv": [58, 6], "uv_size": [1.125, 1.5]},
								"down": {"uv": [58, 11.5], "uv_size": [1.125, -1.5]}
							}
						},
						{
							"origin": [1.85, 23.5, -3.65],
							"size": [1.7, 3.75, 1.15],
							"pivot": [3, 21.25, -2.75],
							"rotation": [0, 0, -20],
							"uv": {
								"north": {"uv": [40, 17], "uv_size": [2.75, 3.75]},
								"east": {"uv": [53, 27], "uv_size": [1.125, 3.75]},
								"south": {"uv": [26, 42], "uv_size": [2.75, 3.75]},
								"west": {"uv": [53, 39], "uv_size": [1.125, 3.75]},
								"up": {"uv": [55, 28], "uv_size": [2.75, 1.125]},
								"down": {"uv": [56, 1.125], "uv_size": [2.75, -1.125]}
							}
						},
						{
							"origin": [0.05, 23.45, -3.95],
							"size": [1, 3.6, 0.5],
							"pivot": [0.85, 25.15, -2.95],
							"rotation": [-4.09918, -2.86544, -4.89743],
							"uv": {
								"north": {"uv": [13, 20], "uv_size": [1, 3.625]},
								"east": {"uv": [46, 57], "uv_size": [0.5, 3.625]},
								"south": {"uv": [26, 29], "uv_size": [1, 3.625]},
								"west": {"uv": [54, 57], "uv_size": [0.5, 3.625]},
								"up": {"uv": [60, 11], "uv_size": [1, 0.5]},
								"down": {"uv": [12, 60.5], "uv_size": [1, -0.5]}
							}
						},
						{
							"origin": [-3.11738, 23.09215, -3.8],
							"size": [1.3, 3.85, 1.15],
							"pivot": [-1.9, 27.35, -2.9],
							"rotation": [8.21888, 5.71617, 10.41103],
							"uv": {
								"north": {"uv": [40, 53], "uv_size": [1.125, 3.625]},
								"east": {"uv": [47, 58], "uv_size": [0.375, 3.625]},
								"south": {"uv": [2, 54], "uv_size": [1.125, 3.625]},
								"west": {"uv": [48, 58], "uv_size": [0.375, 3.625]},
								"up": {"uv": [26, 60], "uv_size": [1.125, 0.375]},
								"down": {"uv": [60, 26.375], "uv_size": [1.125, -0.375]}
							}
						},
						{
							"origin": [-0.6, 23.55, -4.25],
							"size": [1.1, 3.25, 0.4],
							"pivot": [-0.5, 24.8, -3.85],
							"rotation": [-10.35943, -6.50711, -14.27055],
							"uv": {
								"north": {"uv": [4, 56], "uv_size": [1.125, 2.5]},
								"east": {"uv": [39, 59], "uv_size": [0.375, 2.5]},
								"south": {"uv": [6, 56], "uv_size": [1.125, 2.5]},
								"west": {"uv": [42, 59], "uv_size": [0.375, 2.5]},
								"up": {"uv": [21, 60], "uv_size": [1.125, 0.375]},
								"down": {"uv": [60, 25.375], "uv_size": [1.125, -0.375]}
							}
						},
						{
							"origin": [0.65, 22.05, -3.85],
							"size": [0.6, 2.75, 0.15],
							"pivot": [0, 22.8, -3.45],
							"rotation": [4.55992, -9.31178, -31.71338],
							"uv": {
								"north": {"uv": [4, 56], "uv_size": [1.125, 2.5]},
								"east": {"uv": [39, 59], "uv_size": [0.375, 2.5]},
								"south": {"uv": [6, 56], "uv_size": [1.125, 2.5]},
								"west": {"uv": [42, 59], "uv_size": [0.375, 2.5]},
								"up": {"uv": [21, 60], "uv_size": [1.125, 0.375]},
								"down": {"uv": [60, 25.375], "uv_size": [1.125, -0.375]}
							}
						}
					]
				},
				{
					"name": "hairPonytailSwing",
					"parent": "Hair",
					"pivot": [0, 26.3, 3.2]
				},
				{
					"name": "Ponytail",
					"parent": "hairPonytailSwing",
					"pivot": [0, 26.45, 2.8],
					"cubes": [
						{
							"origin": [-1.2, 27.95, 4.05],
							"size": [2.85, 12.75, 1.5],
							"pivot": [0, 28.2, 4.55],
							"rotation": [-167.60362, 1.61888, -7.32417],
							"uv": {
								"north": {"uv": [0, 49.25], "uv_size": [1.3125, 2]},
								"east": {"uv": [0, 48.125], "uv_size": [1.25, 4.15625]},
								"south": {"uv": [0, 26], "uv_size": [2, 2]},
								"west": {"uv": [0, 48.09375], "uv_size": [1.09375, 3.09375]},
								"up": {"uv": [1.28125, 50.96875], "uv_size": [-1.28125, -2.59375]},
								"down": {"uv": [1.25, 50.5], "uv_size": [-1.25, -2]}
							}
						},
						{
							"origin": [-0.7, 20.2, 6.3],
							"size": [2.95, 11.7, 0.75],
							"pivot": [1, 20.2, 6.05],
							"rotation": [-162.7873, 2.68507, -12.2127],
							"uv": {
								"north": {"uv": [0, 49.25], "uv_size": [1.3125, 2]},
								"east": {"uv": [0, 48.125], "uv_size": [1.25, 4.15625]},
								"south": {"uv": [0, 26], "uv_size": [2, 2]},
								"west": {"uv": [0, 48.09375], "uv_size": [1.09375, 3.09375]},
								"up": {"uv": [1.28125, 50.96875], "uv_size": [-1.28125, -2.59375]},
								"down": {"uv": [1.25, 50.5], "uv_size": [-1.25, -2]}
							}
						},
						{
							"origin": [-1.95, 19.7, 6.3],
							"size": [2.95, 11.5, 0.75],
							"pivot": [-0.25, 19.7, 6.05],
							"rotation": [-163.95172, -6.85248, 18.91372],
							"uv": {
								"north": {"uv": [0, 49.25], "uv_size": [1.3125, 2]},
								"east": {"uv": [0, 48.125], "uv_size": [1.25, 4.15625]},
								"south": {"uv": [0, 26], "uv_size": [2, 2]},
								"west": {"uv": [0, 48.09375], "uv_size": [1.09375, 3.09375]},
								"up": {"uv": [1.28125, 50.96875], "uv_size": [-1.28125, -2.59375]},
								"down": {"uv": [1.25, 50.5], "uv_size": [-1.25, -2]}
							}
						},
						{
							"origin": [-2.7, 27.15, 4.8],
							"size": [4, 3.3, 2.75],
							"pivot": [-0.5, 27.7, 4.55],
							"rotation": [-162.86393, 14.73009, -42.91335],
							"uv": {
								"north": {"uv": [0, 49.25], "uv_size": [1.3125, 2]},
								"east": {"uv": [0, 48.125], "uv_size": [1.25, 4.15625]},
								"south": {"uv": [0, 26], "uv_size": [2, 2]},
								"west": {"uv": [0, 48.09375], "uv_size": [1.09375, 3.09375]},
								"up": {"uv": [1.28125, 50.96875], "uv_size": [-1.28125, -2.59375]},
								"down": {"uv": [1.25, 50.5], "uv_size": [-1.25, -2]}
							}
						},
						{
							"origin": [-2.45, 20.7, 5.55],
							"size": [2.95, 14.75, 1.5],
							"pivot": [-1.5, 21.2, 6.05],
							"rotation": [-174.48157, 1.18653, -2.3414],
							"uv": {
								"north": {"uv": [0, 49.25], "uv_size": [1.3125, 2]},
								"east": {"uv": [0, 48.125], "uv_size": [1.25, 4.15625]},
								"south": {"uv": [0, 26], "uv_size": [2, 2]},
								"west": {"uv": [0, 48.09375], "uv_size": [1.09375, 3.09375]},
								"up": {"uv": [1.28125, 50.96875], "uv_size": [-1.28125, -2.59375]},
								"down": {"uv": [1.25, 50.5], "uv_size": [-1.25, -2]}
							}
						},
						{
							"origin": [-1.35, 27.95, 4.15],
							"size": [2.85, 12.75, 1.4],
							"pivot": [0, 28.2, 4.55],
							"rotation": [-167.68406, -2.15393, 9.76758],
							"uv": {
								"north": {"uv": [0, 49.25], "uv_size": [1.3125, 2]},
								"east": {"uv": [0, 48.125], "uv_size": [1.25, 4.15625]},
								"south": {"uv": [0, 26], "uv_size": [2, 2]},
								"west": {"uv": [0, 48.09375], "uv_size": [1.09375, 3.09375]},
								"up": {"uv": [1.28125, 50.96875], "uv_size": [-1.28125, -2.59375]},
								"down": {"uv": [1.25, 50.5], "uv_size": [-1.25, -2]}
							}
						},
						{
							"origin": [-0.45, 14.2, 6.4],
							"size": [2.95, 15, 1.15],
							"pivot": [0.5, 17.95, 6.55],
							"rotation": [-176.32653, 23.83124, 8.17459],
							"uv": {
								"north": {"uv": [0, 49.25], "uv_size": [1.3125, 2]},
								"east": {"uv": [0, 48.125], "uv_size": [1.25, 4.15625]},
								"south": {"uv": [0, 26], "uv_size": [2, 2]},
								"west": {"uv": [0, 48.09375], "uv_size": [1.09375, 3.09375]},
								"up": {"uv": [1.28125, 50.96875], "uv_size": [-1.28125, -2.59375]},
								"down": {"uv": [1.25, 50.5], "uv_size": [-1.25, -2]}
							}
						}
					]
				},
				{
					"name": "blink",
					"parent": "head",
					"pivot": [0, 18.3, 0.25],
					"cubes": [
						{
							"origin": [-3.25, 20.3, -3.251],
							"size": [6.5, 6, 0],
							"uv": {
								"north": {"uv": [12, 0], "uv_size": [6.5, 6]},
								"east": {"uv": [0, 0], "uv_size": [0, 6]},
								"south": {"uv": [62.875, 14.5], "uv_size": [1.125, 1.5]},
								"west": {"uv": [0, 0], "uv_size": [0, 6]},
								"up": {"uv": [0, 0], "uv_size": [6.5, 0]},
								"down": {"uv": [0, 0], "uv_size": [6.5, 0]}
							}
						}
					]
				},
				{
					"name": "armRight",
					"pivot": [-3.5, 17.5, 0],
					"rotation": [0, 0, 25],
					"cubes": [
						{
							"origin": [-5.44685, 17.01131, -1.25],
							"size": [2.25, 2.5, 2.5],
							"pivot": [-4.44685, 17.51131, 0],
							"rotation": [0, 0, 5],
							"uv": {
								"north": {"uv": [0, 17.375], "uv_size": [2, 2.25]},
								"east": {"uv": [3.875, 17.75], "uv_size": [2.5, 2.25]},
								"south": {"uv": [4.125, 14.5], "uv_size": [2, 2.25]},
								"west": {"uv": [2.125, 19.5], "uv_size": [1.5, -0.125]},
								"up": {"uv": [2.125, 16.75], "uv_size": [-2, -2.5]},
								"down": {"uv": [3.5, 19.5], "uv_size": [-1.375, -0.125]}
							}
						},
						{
							"origin": [-5.04685, 14.41131, -1],
							"size": [2, 4.75, 2],
							"pivot": [-4.04685, 18.41131, 0],
							"rotation": [0, 0, -7.5],
							"uv": {
								"north": {"uv": [0, 43], "uv_size": [2, 4.75]},
								"east": {"uv": [43, 17], "uv_size": [2, 4.75]},
								"south": {"uv": [43, 22], "uv_size": [2, 4.75]},
								"west": {"uv": [43, 27], "uv_size": [2, 4.75]},
								"up": {"uv": [12, 6], "uv_size": [2, 2]},
								"down": {"uv": [53, 45], "uv_size": [2, -2]}
							}
						},
						{
							"origin": [-4.04685, 9.66131, -1],
							"size": [2, 4.75, 2],
							"pivot": [-3.29685, 13.91131, 0],
							"rotation": [0, 180, -4.5],
							"uv": {
								"north": {"uv": [29, 42], "uv_size": [1.875, 5]},
								"east": {"uv": [40, 43], "uv_size": [2, 4.75]},
								"south": {"uv": [43, 32], "uv_size": [2, 4.75]},
								"west": {"uv": [38, 43], "uv_size": [2, 4.75]},
								"up": {"uv": [4, 54], "uv_size": [2, 2]},
								"down": {"uv": [54, 13], "uv_size": [2, -2]}
							}
						}
					]
				},
				{
					"name": "armRightPositioningBone",
					"parent": "armRight",
					"pivot": [-3.25, 10.25, 0]
				},
				{
					"name": "armLeft",
					"pivot": [3.25, 17.5, 0],
					"rotation": [0, 0, -25],
					"cubes": [
						{
							"origin": [3.02342, 14.40565, -1],
							"size": [2, 4.8, 2],
							"pivot": [4.02342, 18.70565, 0],
							"rotation": [0, 0, 7.5],
							"uv": {
								"north": {"uv": [44, 11], "uv_size": [2, 4.75]},
								"east": {"uv": [44, 39], "uv_size": [2, 4.75]},
								"south": {"uv": [42, 44], "uv_size": [2, 4.75]},
								"west": {"uv": [44, 44], "uv_size": [2, 4.75]},
								"up": {"uv": [54, 17], "uv_size": [2, 2]},
								"down": {"uv": [54, 21], "uv_size": [2, -2]}
							}
						},
						{
							"origin": [2.37342, 9.45565, -1],
							"size": [2, 5, 2],
							"pivot": [3.42342, 13.70565, 0],
							"rotation": [0, 180, 2.5],
							"uv": {
								"north": {"uv": [43, 31.75], "uv_size": [2, 5]},
								"east": {"uv": [42, 39.5], "uv_size": [2, 4.5]},
								"south": {"uv": [29, 42], "uv_size": [2, 5]},
								"west": {"uv": [40, 43.125], "uv_size": [2, 4.625]},
								"up": {"uv": [54, 13], "uv_size": [2, 2]},
								"down": {"uv": [54, 17], "uv_size": [2, -2]}
							}
						},
						{
							"origin": [3.72342, 10.85565, -1.1],
							"size": [2.3, 6.5, 2.2],
							"pivot": [5.02342, 13.10565, 0],
							"rotation": [0, 0, -15],
							"uv": {
								"north": {"uv": [44, 0], "uv_size": [1.25, 3.375]},
								"east": {"uv": [61.25, 7.125], "uv_size": [0.75, 1]},
								"south": {"uv": [44, 0], "uv_size": [1, 3.375]},
								"west": {"uv": [44.25, 0.875], "uv_size": [0.625, 2.375]},
								"up": {"uv": [45.625, 1.625], "uv_size": [-1.375, -1.625]},
								"down": {"uv": [5.875, 3.875], "uv_size": [-0.5, -1.25]}
							}
						},
						{
							"origin": [2.46289, 10.69905, -1.2],
							"size": [2.3, 6.5, 2.4],
							"pivot": [3.27342, 16.10565, 0],
							"rotation": [0, 0, 17.5],
							"uv": {
								"north": {"uv": [44, 0], "uv_size": [1.25, 3.375]},
								"east": {"uv": [27.5, 20.375], "uv_size": [0.625, 2.25]},
								"south": {"uv": [44, 0], "uv_size": [1.125, 3.375]},
								"west": {"uv": [61.875, 6.625], "uv_size": [-0.625, 1.25]},
								"up": {"uv": [45.625, 1.625], "uv_size": [-1.375, -1.625]},
								"down": {"uv": [5.875, 3.625], "uv_size": [-0.5, -0.5]}
							}
						}
					]
				},
				{
					"name": "armLeftPositioningBone",
					"parent": "armLeft",
					"pivot": [3.25, 10.25, 0]
				},
				{
					"name": "body",
					"pivot": [0, 10.5, -0.4]
				},
				{
					"name": "bone3",
					"parent": "body",
					"pivot": [0.75, 16.6, -1.15],
					"rotation": [0, 0, 35.5],
					"cubes": [
						{
							"origin": [2.35, 15.7, -2.65],
							"size": [0.2, 0.4, 3.9],
							"pivot": [3.25, 19.6, -2.15],
							"rotation": [0, 0, 30],
							"uv": {
								"north": {"uv": [27.5, 20.375], "uv_size": [0.75, 2.5]},
								"east": {"uv": [0, 31], "uv_size": [0.875, 0.75]},
								"south": {"uv": [27.75, 19.25], "uv_size": [0.5, 1.75]},
								"west": {"uv": [0, 31], "uv_size": [0.625, 0.75]},
								"up": {"uv": [28.125, 19.625], "uv_size": [-0.375, -1.125]},
								"down": {"uv": [1.25, 32.125], "uv_size": [-1.25, -1.125]}
							}
						},
						{
							"origin": [0.48157, 16.67308, -2.75],
							"size": [0.2, 0.4, 4],
							"pivot": [0.5, 16.6, -2.15],
							"rotation": [0, 0, 7.5],
							"uv": {
								"north": {"uv": [27.5, 20.375], "uv_size": [0.75, 2.5]},
								"east": {"uv": [0, 31], "uv_size": [0.875, 0.75]},
								"south": {"uv": [27.75, 19.25], "uv_size": [0.5, 1.75]},
								"west": {"uv": [0, 31], "uv_size": [0.625, 0.75]},
								"up": {"uv": [28.125, 19.625], "uv_size": [-0.375, -1.125]},
								"down": {"uv": [1.25, 32.125], "uv_size": [-1.25, -1.125]}
							}
						}
					]
				},
				{
					"name": "bone4",
					"parent": "bone3",
					"pivot": [0.55, 16.2, -1.25],
					"rotation": [0, 0, 10.5],
					"cubes": [
						{
							"origin": [2.15, 15.3, -2.75],
							"size": [0.2, 0.4, 3.9],
							"pivot": [3.05, 19.2, -2.25],
							"rotation": [0, 0, 30],
							"uv": {
								"north": {"uv": [27.5, 20.375], "uv_size": [0.75, 2.5]},
								"east": {"uv": [0, 31], "uv_size": [0.875, 0.75]},
								"south": {"uv": [27.75, 19.25], "uv_size": [0.5, 1.75]},
								"west": {"uv": [0, 31], "uv_size": [0.625, 0.75]},
								"up": {"uv": [28.125, 19.625], "uv_size": [-0.375, -1.125]},
								"down": {"uv": [1.25, 32.125], "uv_size": [-1.25, -1.125]}
							}
						},
						{
							"origin": [0.28157, 16.27308, -2.65],
							"size": [0.2, 0.4, 3.8],
							"pivot": [0.3, 16.2, -2.25],
							"rotation": [0, 0, 7.5],
							"uv": {
								"north": {"uv": [27.5, 20.375], "uv_size": [0.75, 2.5]},
								"east": {"uv": [0, 31], "uv_size": [0.875, 0.75]},
								"south": {"uv": [27.75, 19.25], "uv_size": [0.5, 1.75]},
								"west": {"uv": [0, 31], "uv_size": [0.625, 0.75]},
								"up": {"uv": [28.125, 19.625], "uv_size": [-0.375, -1.125]},
								"down": {"uv": [1.25, 32.125], "uv_size": [-1.25, -1.125]}
							}
						}
					]
				},
				{
					"name": "bone5",
					"parent": "bone4",
					"pivot": [0.45, 15.8, -1.25],
					"rotation": [0, 0, -0.5],
					"cubes": [
						{
							"origin": [2.05, 14.9, -2.75],
							"size": [0.2, 0.4, 3.9],
							"pivot": [2.95, 18.8, -2.25],
							"rotation": [0, 0, 30],
							"uv": {
								"north": {"uv": [27.5, 20.375], "uv_size": [0.75, 2.5]},
								"east": {"uv": [0, 31], "uv_size": [0.875, 0.75]},
								"south": {"uv": [27.75, 19.25], "uv_size": [0.5, 1.75]},
								"west": {"uv": [0, 31], "uv_size": [0.625, 0.75]},
								"up": {"uv": [28.125, 19.625], "uv_size": [-0.375, -1.125]},
								"down": {"uv": [1.25, 32.125], "uv_size": [-1.25, -1.125]}
							}
						},
						{
							"origin": [0.18157, 15.87308, -2.65],
							"size": [0.2, 0.4, 3.8],
							"pivot": [0.2, 15.8, -2.25],
							"rotation": [0, 0, 7.5],
							"uv": {
								"north": {"uv": [27.5, 20.375], "uv_size": [0.75, 2.5]},
								"east": {"uv": [0, 31], "uv_size": [0.875, 0.75]},
								"south": {"uv": [27.75, 19.25], "uv_size": [0.5, 1.75]},
								"west": {"uv": [0, 31], "uv_size": [0.625, 0.75]},
								"up": {"uv": [28.125, 19.625], "uv_size": [-0.375, -1.125]},
								"down": {"uv": [1.25, 32.125], "uv_size": [-1.25, -1.125]}
							}
						}
					]
				},
				{
					"name": "bone6",
					"parent": "bone5",
					"pivot": [0.3, 15.45, -1.25],
					"rotation": [0, 0, -0.5],
					"cubes": [
						{
							"origin": [1.9, 14.55, -2.75],
							"size": [0.2, 0.4, 3.9],
							"pivot": [2.8, 18.45, -2.25],
							"rotation": [0, 0, 30],
							"uv": {
								"north": {"uv": [27.5, 20.375], "uv_size": [0.75, 2.5]},
								"east": {"uv": [0, 31], "uv_size": [0.875, 0.75]},
								"south": {"uv": [27.75, 19.25], "uv_size": [0.5, 1.75]},
								"west": {"uv": [0, 31], "uv_size": [0.625, 0.75]},
								"up": {"uv": [28.125, 19.625], "uv_size": [-0.375, -1.125]},
								"down": {"uv": [1.25, 32.125], "uv_size": [-1.25, -1.125]}
							}
						},
						{
							"origin": [0.03157, 15.52308, -2.65],
							"size": [0.2, 0.4, 3.8],
							"pivot": [0.05, 15.45, -2.25],
							"rotation": [0, 0, 7.5],
							"uv": {
								"north": {"uv": [27.5, 20.375], "uv_size": [0.75, 2.5]},
								"east": {"uv": [0, 31], "uv_size": [0.875, 0.75]},
								"south": {"uv": [27.75, 19.25], "uv_size": [0.5, 1.75]},
								"west": {"uv": [0, 31], "uv_size": [0.625, 0.75]},
								"up": {"uv": [28.125, 19.625], "uv_size": [-0.375, -1.125]},
								"down": {"uv": [1.25, 32.125], "uv_size": [-1.25, -1.125]}
							}
						}
					]
				},
				{
					"name": "bone7",
					"parent": "bone6",
					"pivot": [0.1, 15.15, -1.25],
					"rotation": [0, 0, 13.5],
					"cubes": [
						{
							"origin": [1.7, 14.25, -2.75],
							"size": [0.2, 0.4, 3.9],
							"pivot": [2.6, 18.15, -2.25],
							"rotation": [0, 0, 30],
							"uv": {
								"north": {"uv": [27.5, 20.375], "uv_size": [0.75, 2.5]},
								"east": {"uv": [0, 31], "uv_size": [0.875, 0.75]},
								"south": {"uv": [27.75, 19.25], "uv_size": [0.5, 1.75]},
								"west": {"uv": [0, 31], "uv_size": [0.625, 0.75]},
								"up": {"uv": [28.125, 19.625], "uv_size": [-0.375, -1.125]},
								"down": {"uv": [1.25, 32.125], "uv_size": [-1.25, -1.125]}
							}
						},
						{
							"origin": [-0.16843, 15.22308, -2.65],
							"size": [0.2, 0.4, 3.8],
							"pivot": [-0.15, 15.15, -2.25],
							"rotation": [0, 0, 7.5],
							"uv": {
								"north": {"uv": [27.5, 20.375], "uv_size": [0.75, 2.5]},
								"east": {"uv": [0, 31], "uv_size": [0.875, 0.75]},
								"south": {"uv": [27.75, 19.25], "uv_size": [0.5, 1.75]},
								"west": {"uv": [0, 31], "uv_size": [0.625, 0.75]},
								"up": {"uv": [28.125, 19.625], "uv_size": [-0.375, -1.125]},
								"down": {"uv": [1.25, 32.125], "uv_size": [-1.25, -1.125]}
							}
						}
					]
				},
				{
					"name": "bone8",
					"parent": "bone7",
					"pivot": [-0.15, 14.8, -1.25],
					"rotation": [0, 0, 13.5],
					"cubes": [
						{
							"origin": [1.45, 13.9, -2.75],
							"size": [0.2, 0.4, 3.9],
							"pivot": [2.35, 17.8, -2.25],
							"rotation": [0, 0, 30],
							"uv": {
								"north": {"uv": [27.5, 20.375], "uv_size": [0.75, 2.5]},
								"east": {"uv": [0, 31], "uv_size": [0.875, 0.75]},
								"south": {"uv": [27.75, 19.25], "uv_size": [0.5, 1.75]},
								"west": {"uv": [0, 31], "uv_size": [0.625, 0.75]},
								"up": {"uv": [28.125, 19.625], "uv_size": [-0.375, -1.125]},
								"down": {"uv": [1.25, 32.125], "uv_size": [-1.25, -1.125]}
							}
						},
						{
							"origin": [-0.41843, 14.87308, -2.65],
							"size": [0.2, 0.4, 3.8],
							"pivot": [-0.4, 14.8, -2.25],
							"rotation": [0, 0, 7.5],
							"uv": {
								"north": {"uv": [27.5, 20.375], "uv_size": [0.75, 2.5]},
								"east": {"uv": [0, 31], "uv_size": [0.875, 0.75]},
								"south": {"uv": [27.75, 19.25], "uv_size": [0.5, 1.75]},
								"west": {"uv": [0, 31], "uv_size": [0.625, 0.75]},
								"up": {"uv": [28.125, 19.625], "uv_size": [-0.375, -1.125]},
								"down": {"uv": [1.25, 32.125], "uv_size": [-1.25, -1.125]}
							}
						}
					]
				},
				{
					"name": "bone9",
					"parent": "bone8",
					"pivot": [-0.25, 14.7, -1.1],
					"rotation": [0, 0, 13.5],
					"cubes": [
						{
							"origin": [1.45, 13.8, -2.7],
							"size": [0.1, 0.4, 2.7],
							"pivot": [2.25, 17.7, -2.1],
							"rotation": [0, 0, 30],
							"uv": {
								"north": {"uv": [27.5, 20.375], "uv_size": [0.75, 2.5]},
								"east": {"uv": [0, 31], "uv_size": [0.875, 0.75]},
								"south": {"uv": [27.75, 19.25], "uv_size": [0.5, 1.75]},
								"west": {"uv": [0, 31], "uv_size": [0.625, 0.75]},
								"up": {"uv": [28.125, 19.625], "uv_size": [-0.375, -1.125]},
								"down": {"uv": [1.25, 32.125], "uv_size": [-1.25, -1.125]}
							}
						},
						{
							"origin": [-0.41795, 14.54808, -2.4],
							"size": [0.8, 0.05, 0],
							"pivot": [0.25, 14.5, -1.8],
							"rotation": [0, 0, 22.5],
							"uv": {
								"north": {"uv": [27.5, 20.375], "uv_size": [0.75, 2.5]},
								"east": {"uv": [0, 31], "uv_size": [0.875, 0.75]},
								"south": {"uv": [27.75, 19.25], "uv_size": [0.5, 1.75]},
								"west": {"uv": [0, 31], "uv_size": [0.625, 0.75]},
								"up": {"uv": [28.125, 19.625], "uv_size": [-0.375, -1.125]},
								"down": {"uv": [1.25, 32.125], "uv_size": [-1.25, -1.125]}
							}
						},
						{
							"origin": [-0.21795, 14.84808, -2.4],
							"size": [0.8, 0.05, 0],
							"pivot": [0.45, 14.8, -1.8],
							"rotation": [0, 0, -12.5],
							"uv": {
								"north": {"uv": [27.5, 20.375], "uv_size": [0.75, 2.5]},
								"east": {"uv": [0, 31], "uv_size": [0.875, 0.75]},
								"south": {"uv": [27.75, 19.25], "uv_size": [0.5, 1.75]},
								"west": {"uv": [0, 31], "uv_size": [0.625, 0.75]},
								"up": {"uv": [28.125, 19.625], "uv_size": [-0.375, -1.125]},
								"down": {"uv": [1.25, 32.125], "uv_size": [-1.25, -1.125]}
							}
						},
						{
							"origin": [-0.58494, 14.54808, -2.6],
							"size": [0.3, 0.4, 3.9],
							"pivot": [-0.25, 14.6, -2.1],
							"rotation": [0, 0, 55],
							"uv": {
								"north": {"uv": [27.5, 20.375], "uv_size": [0.75, 2.5]},
								"east": {"uv": [0, 31], "uv_size": [0.875, 0.75]},
								"south": {"uv": [27.75, 19.25], "uv_size": [0.5, 1.75]},
								"west": {"uv": [0, 31], "uv_size": [0.625, 0.75]},
								"up": {"uv": [28.125, 19.625], "uv_size": [-0.375, -1.125]},
								"down": {"uv": [1.25, 32.125], "uv_size": [-1.25, -1.125]}
							}
						},
						{
							"origin": [-0.63494, 14.44808, -2.5],
							"size": [0.4, 0.25, 3.9],
							"pivot": [-0.3, 14.35, -2],
							"rotation": [0, 0, 55],
							"uv": {
								"north": {"uv": [27.5, 20.375], "uv_size": [0.75, 2.5]},
								"east": {"uv": [0, 31], "uv_size": [0.875, 0.75]},
								"south": {"uv": [27.75, 19.25], "uv_size": [0.5, 1.75]},
								"west": {"uv": [0, 31], "uv_size": [0.625, 0.75]},
								"up": {"uv": [28.125, 19.625], "uv_size": [-0.375, -1.125]},
								"down": {"uv": [1.25, 32.125], "uv_size": [-1.25, -1.125]}
							}
						},
						{
							"origin": [-0.41843, 14.37308, -2.5],
							"size": [0.2, 0.5, 1],
							"pivot": [-0.5, 14.4, -2.1],
							"rotation": [0, 0, 7.5],
							"uv": {
								"north": {"uv": [27.5, 20.375], "uv_size": [0.75, 2.5]},
								"east": {"uv": [0, 31], "uv_size": [0.875, 0.75]},
								"south": {"uv": [27.75, 19.25], "uv_size": [0.5, 1.75]},
								"west": {"uv": [0, 31], "uv_size": [0.625, 0.75]},
								"up": {"uv": [28.125, 19.625], "uv_size": [-0.375, -1.125]},
								"down": {"uv": [1.25, 32.125], "uv_size": [-1.25, -1.125]}
							}
						}
					]
				},
				{
					"name": "bone",
					"parent": "body",
					"pivot": [1.55, 17.35, -1.15],
					"rotation": [0, 0, 22.5],
					"cubes": [
						{
							"origin": [3.15, 16.2, -2.65],
							"size": [0.2, 0.4, 3.9],
							"pivot": [4.05, 20.1, -2.15],
							"rotation": [0, 0, 30],
							"uv": {
								"north": {"uv": [27.5, 20.375], "uv_size": [0.75, 2.5]},
								"east": {"uv": [0, 31], "uv_size": [0.875, 0.75]},
								"south": {"uv": [27.75, 19.25], "uv_size": [0.5, 1.75]},
								"west": {"uv": [0, 31], "uv_size": [0.625, 0.75]},
								"up": {"uv": [28.125, 19.625], "uv_size": [-0.375, -1.125]},
								"down": {"uv": [1.25, 32.125], "uv_size": [-1.25, -1.125]}
							}
						},
						{
							"origin": [1.28157, 17.17308, -2.55],
							"size": [0.2, 0.4, 3.8],
							"pivot": [1.3, 17.1, -2.15],
							"rotation": [0, 0, 7.5],
							"uv": {
								"north": {"uv": [27.5, 20.375], "uv_size": [0.75, 2.5]},
								"east": {"uv": [0, 31], "uv_size": [0.875, 0.75]},
								"south": {"uv": [27.75, 19.25], "uv_size": [0.5, 1.75]},
								"west": {"uv": [0, 31], "uv_size": [0.625, 0.75]},
								"up": {"uv": [28.125, 19.625], "uv_size": [-0.375, -1.125]},
								"down": {"uv": [1.25, 32.125], "uv_size": [-1.25, -1.125]}
							}
						}
					]
				},
				{
					"name": "bone2",
					"parent": "bone",
					"pivot": [1.35, 16.65, -1.15],
					"rotation": [0, 0, 17.5],
					"cubes": [
						{
							"origin": [2.95, 15.75, -2.65],
							"size": [0.2, 0.4, 3.9],
							"pivot": [3.85, 19.65, -2.15],
							"rotation": [0, 0, 30],
							"uv": {
								"north": {"uv": [27.5, 20.375], "uv_size": [0.75, 2.5]},
								"east": {"uv": [0, 31], "uv_size": [0.875, 0.75]},
								"south": {"uv": [27.75, 19.25], "uv_size": [0.5, 1.75]},
								"west": {"uv": [0, 31], "uv_size": [0.625, 0.75]},
								"up": {"uv": [28.125, 19.625], "uv_size": [-0.375, -1.125]},
								"down": {"uv": [1.25, 32.125], "uv_size": [-1.25, -1.125]}
							}
						},
						{
							"origin": [1.08157, 16.72308, -2.55],
							"size": [0.2, 0.4, 3.8],
							"pivot": [1.1, 16.65, -2.15],
							"rotation": [0, 0, 7.5],
							"uv": {
								"north": {"uv": [27.5, 20.375], "uv_size": [0.75, 2.5]},
								"east": {"uv": [0, 31], "uv_size": [0.875, 0.75]},
								"south": {"uv": [27.75, 19.25], "uv_size": [0.5, 1.75]},
								"west": {"uv": [0, 31], "uv_size": [0.625, 0.75]},
								"up": {"uv": [28.125, 19.625], "uv_size": [-0.375, -1.125]},
								"down": {"uv": [1.25, 32.125], "uv_size": [-1.25, -1.125]}
							}
						}
					]
				},
				{
					"name": "shenqu",
					"parent": "body",
					"pivot": [0, 0, 0],
					"cubes": [
						{
							"origin": [-1.25, 19.5, -1.25],
							"size": [2.5, 1.75, 2.25],
							"uv": {
								"north": {"uv": [53, 0], "uv_size": [2.5, 1.75]},
								"east": {"uv": [54, 21], "uv_size": [2.25, 1.75]},
								"south": {"uv": [53, 6], "uv_size": [2.5, 1.75]},
								"west": {"uv": [54, 23], "uv_size": [2.25, 1.75]},
								"up": {"uv": [49, 48], "uv_size": [2.5, 2.25]},
								"down": {"uv": [50, 2.25], "uv_size": [2.5, -2.25]}
							}
						},
						{
							"origin": [-3, 16.4, -2.3],
							"size": [3.55, 3.25, 4],
							"pivot": [-1.7, 17.3, 0],
							"rotation": [0, 0, -10],
							"uv": {
								"north": {"uv": [5.03125, 38.125], "uv_size": [1.625, 2.90625]},
								"east": {"uv": [3, 38], "uv_size": [1.8125, 2.90625]},
								"south": {"uv": [38.21875, 39.3125], "uv_size": [2.78125, 2.0625]},
								"west": {"uv": [7, 38], "uv_size": [4, 3.25]},
								"up": {"uv": [36.09375, 0.4375], "uv_size": [3.40625, 3.5625]},
								"down": {"uv": [36, 13], "uv_size": [3.5, -4]}
							}
						},
						{
							"origin": [2.05, 15.7, -2.4],
							"size": [0.5, 3.5, 4.4],
							"pivot": [3.05, 19.7, -1.4],
							"rotation": [0, 0, 30],
							"uv": {
								"north": {"uv": [27.5, 20.375], "uv_size": [0.75, 2.5]},
								"east": {"uv": [0, 31], "uv_size": [0.875, 0.75]},
								"south": {"uv": [27.75, 19.25], "uv_size": [0.5, 1.75]},
								"west": {"uv": [0, 31], "uv_size": [0.625, 0.75]},
								"up": {"uv": [28.125, 19.625], "uv_size": [-0.375, -1.125]},
								"down": {"uv": [1.25, 32.125], "uv_size": [-1.25, -1.125]}
							}
						},
						{
							"origin": [0.3, 14.7, -2.7],
							"size": [0.4, 0.65, 0.4],
							"pivot": [1.3, 17.45, -1.9],
							"rotation": [0, 0, 80],
							"uv": {
								"north": {"uv": [30.875, 18], "uv_size": [0.875, 1.125]},
								"east": {"uv": [31, 20.25], "uv_size": [0.875, -0.875]},
								"south": {"uv": [0, 31.5], "uv_size": [0.625, 0.625]},
								"west": {"uv": [0, 31], "uv_size": [0.625, 0.75]},
								"up": {"uv": [29.625, 19.25], "uv_size": [-1.125, -0.75]},
								"down": {"uv": [32.5, 20], "uv_size": [-1.25, -1.125]}
							}
						},
						{
							"origin": [-1.55, 17.75, -2.6],
							"size": [0.5, 2.15, 1.2],
							"pivot": [-0.8, 18.35, -1.9],
							"rotation": [0, 0, -12.5],
							"uv": {
								"north": {"uv": [27.5, 18.375], "uv_size": [0.75, 2]},
								"east": {"uv": [0, 33.875], "uv_size": [0.875, 1.875]},
								"south": {"uv": [0, 0], "uv_size": [2, 2]},
								"west": {"uv": [0, 34.625], "uv_size": [0.875, 1.875]},
								"up": {"uv": [28.625, 20.125], "uv_size": [-0.875, -1.5]},
								"down": {"uv": [1.125, 37.75], "uv_size": [-1.125, -2.25]}
							}
						},
						{
							"origin": [-1.75, 13.15, -2.55],
							"size": [1.85, 6.7, 4.4],
							"pivot": [-0.7, 17.8, 0],
							"rotation": [0, 0, -32.5],
							"uv": {
								"north": {"uv": [39, 31.375], "uv_size": [1.625, 2.875]},
								"east": {"uv": [3, 38], "uv_size": [1.875, 3.25]},
								"south": {"uv": [39.59375, 40.34375], "uv_size": [0.8125, 1.75]},
								"west": {"uv": [4.375, 39.625], "uv_size": [1.875, 1.25]},
								"up": {"uv": [36, 0], "uv_size": [1.875, 3.875]},
								"down": {"uv": [36, 13], "uv_size": [3.5, -4]}
							}
						},
						{
							"origin": [0.05, 14.15, -2.35],
							"size": [1.85, 5.65, 4.3],
							"pivot": [1.1, 17.8, 0],
							"rotation": [0, 0, 35],
							"uv": {
								"north": {"uv": [39.875, 39], "uv_size": [1.46875, 1.5625]},
								"east": {"uv": [3, 38], "uv_size": [4, 3.25]},
								"south": {"uv": [40.25, 39.03125], "uv_size": [1.21875, 0.6875]},
								"west": {"uv": [8.25, 38.5], "uv_size": [2.75, 2.75]},
								"up": {"uv": [37.75, 18.125], "uv_size": [1.21875, 3.375]},
								"down": {"uv": [36, 13], "uv_size": [3.5, -4]}
							}
						},
						{
							"origin": [-0.25, 16.4, -2.25],
							"size": [3.3, 3.4, 4.05],
							"pivot": [1.05, 17.3, 0],
							"rotation": [0, 0, 7.5],
							"uv": {
								"north": {"uv": [40, 0], "uv_size": [3.25, 3.375]},
								"east": {"uv": [34, 5], "uv_size": [4.25, 3.375]},
								"south": {"uv": [40, 6], "uv_size": [3.25, 3.375]},
								"west": {"uv": [6, 34], "uv_size": [4.25, 3.375]},
								"up": {"uv": [36, 13], "uv_size": [3.25, 4.25]},
								"down": {"uv": [36, 22.25], "uv_size": [3.25, -4.25]}
							}
						},
						{
							"origin": [-2.6, 11.499, -2.15],
							"size": [5.2, 7.5, 3.75],
							"uv": {
								"north": {"uv": [0, 0], "uv_size": [5.25, 7.5]},
								"east": {"uv": [7, 26], "uv_size": [3.75, 7.5]},
								"south": {"uv": [6, 0], "uv_size": [5.25, 7.5]},
								"west": {"uv": [27, 5], "uv_size": [3.75, 7.5]},
								"up": {"uv": [11, 29], "uv_size": [5.25, 3.75]},
								"down": {"uv": [17, 32.75], "uv_size": [5.25, -3.75]}
							}
						},
						{
							"origin": [-2.95, 12.749, -2.65],
							"size": [5.6, 2.5, 4.7],
							"uv": {
								"north": {"uv": [0.75, 0], "uv_size": [3.75, 7.5]},
								"east": {"uv": [7, 26], "uv_size": [3.75, 7.5]},
								"south": {"uv": [6, 0], "uv_size": [5.25, 7.5]},
								"west": {"uv": [27, 5], "uv_size": [3.75, 7.5]},
								"up": {"uv": [11, 29], "uv_size": [5.25, 3.75]},
								"down": {"uv": [17, 32.75], "uv_size": [5.25, -3.75]}
							}
						},
						{
							"origin": [-3.15, 11, -2.1],
							"size": [1.55, 3.5, 3.6],
							"pivot": [0.4, 12, -0.4],
							"rotation": [0, 0, 12.5],
							"uv": {
								"north": {"uv": [21, 51], "uv_size": [1.5, 3.5]},
								"east": {"uv": [39, 23], "uv_size": [3.625, 3.5]},
								"south": {"uv": [26, 51], "uv_size": [1.5, 3.5]},
								"west": {"uv": [39, 27], "uv_size": [3.625, 3.5]},
								"up": {"uv": [51, 6], "uv_size": [1.5, 3.625]},
								"down": {"uv": [11, 54.625], "uv_size": [1.5, -3.625]}
							}
						},
						{
							"origin": [1.55, 12.15, -2.1],
							"size": [1.55, 3.9, 3.6],
							"pivot": [5.1, 13.15, -0.4],
							"rotation": [0, 0, -12.5],
							"uv": {
								"north": {"uv": [9, 49], "uv_size": [1.5, 3.875]},
								"east": {"uv": [35, 29], "uv_size": [3.625, 3.875]},
								"south": {"uv": [49, 32], "uv_size": [1.5, 3.875]},
								"west": {"uv": [35, 33], "uv_size": [3.625, 3.875]},
								"up": {"uv": [13, 51], "uv_size": [1.5, 3.625]},
								"down": {"uv": [15, 54.625], "uv_size": [1.5, -3.625]}
							}
						},
						{
							"origin": [0.05, 11.75, 0],
							"size": [2.7, 2.25, 2.25],
							"pivot": [1.3, 11, 1.5],
							"rotation": [14, 0, 0],
							"uv": {
								"north": {"uv": [49, 20], "uv_size": [2.75, 2.25]},
								"east": {"uv": [37, 51], "uv_size": [2.25, 2.25]},
								"south": {"uv": [49, 23], "uv_size": [2.75, 2.25]},
								"west": {"uv": [45, 51], "uv_size": [2.25, 2.25]},
								"up": {"uv": [49, 26], "uv_size": [2.75, 2.25]},
								"down": {"uv": [49, 31.25], "uv_size": [2.75, -2.25]}
							}
						},
						{
							"origin": [-2.7, 11.75, 0],
							"size": [2.7, 2.25, 2.25],
							"pivot": [-1.5, 11, 1.5],
							"rotation": [14, 0, 0],
							"uv": {
								"north": {"uv": [6, 49], "uv_size": [2.75, 2.25]},
								"east": {"uv": [30, 51], "uv_size": [2.25, 2.25]},
								"south": {"uv": [49, 11], "uv_size": [2.75, 2.25]},
								"west": {"uv": [51, 32], "uv_size": [2.25, 2.25]},
								"up": {"uv": [49, 14], "uv_size": [2.75, 2.25]},
								"down": {"uv": [49, 19.25], "uv_size": [2.75, -2.25]}
							}
						}
					]
				},
				{
					"name": "sittingRotationSkirt",
					"parent": "body",
					"pivot": [0, 12.5, -1.15],
					"cubes": [
						{
							"origin": [-1.75, 3.25, -2.8],
							"size": [3.75, 10.25, 0.15],
							"pivot": [0, 11.5, -1.9],
							"rotation": [-12.5, 0, 0],
							"uv": {
								"north": {"uv": [14.25, 60.6], "uv_size": [1.2375, 3.4]},
								"east": {"uv": [0, 0], "uv_size": [0.15, 3.375]},
								"south": {"uv": [16.875, 51.1], "uv_size": [-0.2125, 0.65]},
								"west": {"uv": [0, 0], "uv_size": [0.4, 4.125]},
								"up": {"uv": [3.75, 0.15], "uv_size": [-3.75, -0.15]},
								"down": {"uv": [3.75, 0.15], "uv_size": [-3.75, -0.15]}
							}
						},
						{
							"origin": [-1.75, 3.25, 0.55],
							"size": [3.75, 10.25, 0.15],
							"pivot": [0, 11.5, 1.45],
							"rotation": [167.5, 0, 180],
							"uv": {
								"north": {"uv": [13.625, 60.6], "uv_size": [1.8625, 3.4]},
								"east": {"uv": [0, 0], "uv_size": [0.15, 3.375]},
								"south": {"uv": [16.875, 51.1], "uv_size": [-0.2125, 0.65]},
								"west": {"uv": [0, 0], "uv_size": [0.4, 4.125]},
								"up": {"uv": [3.75, 0.15], "uv_size": [-3.75, -0.15]},
								"down": {"uv": [3.75, 0.15], "uv_size": [-3.75, -0.15]}
							}
						},
						{
							"origin": [-0.75, 3.45, -2.7],
							"size": [4.15, 10.55, 0.15],
							"pivot": [1, 11.5, -1.8],
							"rotation": [-9.6658, -2.57594, -14.78217],
							"uv": {
								"north": {"uv": [13, 51], "uv_size": [1.4875, 3.5875]},
								"east": {"uv": [0, 0], "uv_size": [0.15, 3.375]},
								"south": {"uv": [17.375, 51.35], "uv_size": [-0.4625, 0.525]},
								"west": {"uv": [0, 0], "uv_size": [0.4, 4.125]},
								"up": {"uv": [3.75, 0.15], "uv_size": [-3.75, -0.15]},
								"down": {"uv": [3.75, 0.15], "uv_size": [-3.75, -0.15]}
							}
						},
						{
							"origin": [0.9, 3.45, -1.7],
							"size": [4.15, 10.55, 0.15],
							"pivot": [2.65, 11.5, -0.8],
							"rotation": [-105, -80, 90],
							"uv": {
								"north": {"uv": [13, 51], "uv_size": [1.4875, 3.5875]},
								"east": {"uv": [0, 0], "uv_size": [0.15, 3.375]},
								"south": {"uv": [17.375, 51.35], "uv_size": [-0.4625, 0.525]},
								"west": {"uv": [0, 0], "uv_size": [0.4, 4.125]},
								"up": {"uv": [3.75, 0.15], "uv_size": [-3.75, -0.15]},
								"down": {"uv": [3.75, 0.15], "uv_size": [-3.75, -0.15]}
							}
						},
						{
							"origin": [0.55, 3.45, -0.7],
							"size": [4.4, 10.55, 0.15],
							"pivot": [2.55, 11.5, 0.2],
							"rotation": [99.65491, -74.45606, -114.09025],
							"uv": {
								"north": {"uv": [13, 51], "uv_size": [1.4875, 3.5875]},
								"east": {"uv": [0, 0], "uv_size": [0.15, 3.375]},
								"south": {"uv": [17.375, 51.35], "uv_size": [-0.4625, 0.525]},
								"west": {"uv": [0, 0], "uv_size": [0.4, 4.125]},
								"up": {"uv": [3.75, 0.15], "uv_size": [-3.75, -0.15]},
								"down": {"uv": [3.75, 0.15], "uv_size": [-3.75, -0.15]}
							}
						},
						{
							"origin": [-3.4, 3.7, -2.7],
							"size": [4.15, 10.55, 0.15],
							"pivot": [-1.65, 11.75, -1.8],
							"rotation": [-9.6658, 2.57594, 14.78217],
							"uv": {
								"north": {"uv": [13.75, 60.5375], "uv_size": [1.3625, 3.4625]},
								"east": {"uv": [0, 0], "uv_size": [0.15, 3.375]},
								"south": {"uv": [14.875, 60.6], "uv_size": [-1.2125, 3.4]},
								"west": {"uv": [0, 0], "uv_size": [0.4, 4.125]},
								"up": {"uv": [3.75, 0.15], "uv_size": [-3.75, -0.15]},
								"down": {"uv": [3.75, 0.15], "uv_size": [-3.75, -0.15]}
							}
						},
						{
							"origin": [-3.4, 3.7, 2.05],
							"size": [4.15, 10.55, 0.15],
							"pivot": [-1.65, 11.75, 2.95],
							"rotation": [10.36042, -4.80243, 13.43573],
							"uv": {
								"north": {"uv": [13.75, 60.5375], "uv_size": [1.3625, 3.4625]},
								"east": {"uv": [0, 0], "uv_size": [0.15, 3.375]},
								"south": {"uv": [14.875, 60.6], "uv_size": [-1.2125, 3.4]},
								"west": {"uv": [0, 0], "uv_size": [0.4, 4.125]},
								"up": {"uv": [3.75, 0.15], "uv_size": [-3.75, -0.15]},
								"down": {"uv": [3.75, 0.15], "uv_size": [-3.75, -0.15]}
							}
						},
						{
							"origin": [-1.15, 3.7, 2.05],
							"size": [4.35, 10.55, 0.15],
							"pivot": [0.6, 11.75, 2.95],
							"rotation": [17.39808, 0.48636, -13.58009],
							"uv": {
								"north": {"uv": [13.75, 60.5375], "uv_size": [1.3625, 3.4625]},
								"east": {"uv": [0, 0], "uv_size": [0.15, 3.375]},
								"south": {"uv": [14.875, 60.6], "uv_size": [-1.2125, 3.4]},
								"west": {"uv": [0, 0], "uv_size": [0.4, 4.125]},
								"up": {"uv": [3.75, 0.15], "uv_size": [-3.75, -0.15]},
								"down": {"uv": [3.75, 0.15], "uv_size": [-3.75, -0.15]}
							}
						},
						{
							"origin": [-4.2, 3.75, -1.2],
							"size": [3.95, 10.8, 0.15],
							"pivot": [-2.45, 12.05, -0.3],
							"rotation": [-90.85318, 80.33396, -75.42375],
							"uv": {
								"north": {"uv": [13.75, 60.5375], "uv_size": [1.3625, 3.4625]},
								"east": {"uv": [0, 0], "uv_size": [0.15, 3.375]},
								"south": {"uv": [14.875, 60.6], "uv_size": [-1.2125, 3.4]},
								"west": {"uv": [0, 0], "uv_size": [0.4, 4.125]},
								"up": {"uv": [3.75, 0.15], "uv_size": [-3.75, -0.15]},
								"down": {"uv": [3.75, 0.15], "uv_size": [-3.75, -0.15]}
							}
						},
						{
							"origin": [-4.2, 3.95, -0.45],
							"size": [3.95, 10.8, 0.15],
							"pivot": [-2.45, 12.25, 0.45],
							"rotation": [90.79842, 79.664, 106.20278],
							"uv": {
								"north": {"uv": [13.75, 60.5375], "uv_size": [1.3625, 3.4625]},
								"east": {"uv": [0, 0], "uv_size": [0.15, 3.375]},
								"south": {"uv": [14.875, 60.6], "uv_size": [-1.2125, 3.4]},
								"west": {"uv": [0, 0], "uv_size": [0.4, 4.125]},
								"up": {"uv": [3.75, 0.15], "uv_size": [-3.75, -0.15]},
								"down": {"uv": [3.75, 0.15], "uv_size": [-3.75, -0.15]}
							}
						}
					]
				},
				{
					"name": "maoling",
					"parent": "body",
					"pivot": [-1.3, 19.8, 0],
					"cubes": [
						{
							"origin": [2.1, 15.3, -2.8],
							"size": [0.65, 4.6, 0.85],
							"pivot": [2.5, 18.8, -1.7],
							"rotation": [3.48671, 0.30486, 12.50928],
							"uv": {
								"north": {"uv": [63.225, 23], "uv_size": [0.775, 4.35]},
								"east": {"uv": [63.275, 22.875], "uv_size": [0.725, 4.35]},
								"south": {"uv": [63.225, 23], "uv_size": [0.775, 4.35]},
								"west": {"uv": [63.15, 22.875], "uv_size": [0.85, 4.6]},
								"up": {"uv": [8.775, 3.1], "uv_size": [-0.65, -0.85]},
								"down": {"uv": [8.9, 2.85], "uv_size": [-0.65, -0.85]}
							}
						},
						{
							"origin": [2.1, 15.15, 1.3],
							"size": [0.65, 4.6, 1.15],
							"pivot": [2.5, 18.65, 2.4],
							"rotation": [-6.51329, 0.30486, 12.50928],
							"uv": {
								"north": {"uv": [63.225, 23], "uv_size": [0.775, 4.35]},
								"east": {"uv": [63.275, 22.875], "uv_size": [0.725, 4.35]},
								"south": {"uv": [63.225, 23], "uv_size": [0.775, 4.35]},
								"west": {"uv": [63.15, 22.875], "uv_size": [0.85, 4.6]},
								"up": {"uv": [8.775, 3.1], "uv_size": [-0.65, -0.85]},
								"down": {"uv": [8.9, 2.85], "uv_size": [-0.65, -0.85]}
							}
						},
						{
							"origin": [2.1, 19.6, -2.3],
							"size": [0.65, 0.35, 3.85],
							"pivot": [2.5, 18.85, 0.3],
							"rotation": [0.98671, 0.30486, 12.50928],
							"uv": {
								"north": {"uv": [63.225, 23], "uv_size": [0.775, 4.35]},
								"east": {"uv": [63.275, 22.875], "uv_size": [0.725, 4.35]},
								"south": {"uv": [63.225, 23], "uv_size": [0.775, 4.35]},
								"west": {"uv": [63.15, 22.875], "uv_size": [0.85, 4.6]},
								"up": {"uv": [8.775, 3.1], "uv_size": [-0.65, -0.85]},
								"down": {"uv": [8.9, 2.85], "uv_size": [-0.65, -0.85]}
							}
						},
						{
							"origin": [2.31127, 19.40664, -3.01582],
							"size": [0.65, 0.65, 1.15],
							"pivot": [2.5, 19.95, -2.1],
							"rotation": [18.48671, 0.30486, 12.50928],
							"uv": {
								"north": {"uv": [63.225, 23], "uv_size": [0.775, 4.35]},
								"east": {"uv": [63.275, 22.875], "uv_size": [0.725, 4.35]},
								"south": {"uv": [63.225, 23], "uv_size": [0.775, 4.35]},
								"west": {"uv": [63.15, 22.875], "uv_size": [0.85, 4.6]},
								"up": {"uv": [8.775, 3.1], "uv_size": [-0.65, -0.85]},
								"down": {"uv": [8.9, 2.85], "uv_size": [-0.65, -0.85]}
							}
						},
						{
							"origin": [2.01127, 18.30664, -2.91582],
							"size": [0.65, 1.15, 0.95],
							"pivot": [2.2, 19.15, -2.1],
							"rotation": [17.59779, 5.76349, -4.14748],
							"uv": {
								"north": {"uv": [63.225, 23], "uv_size": [0.775, 4.35]},
								"east": {"uv": [63.275, 22.875], "uv_size": [0.725, 4.35]},
								"south": {"uv": [63.225, 23], "uv_size": [0.775, 4.35]},
								"west": {"uv": [63.15, 22.875], "uv_size": [0.85, 4.6]},
								"up": {"uv": [8.775, 3.1], "uv_size": [-0.65, -0.85]},
								"down": {"uv": [8.9, 2.85], "uv_size": [-0.65, -0.85]}
							}
						},
						{
							"origin": [1.51127, 15.45664, -2.66582],
							"size": [0.55, 1.25, 0.95],
							"pivot": [1.7, 16.4, -1.85],
							"rotation": [17.59779, 5.76349, -4.14748],
							"uv": {
								"north": {"uv": [63.225, 23], "uv_size": [0.775, 4.35]},
								"east": {"uv": [63.275, 22.875], "uv_size": [0.725, 4.35]},
								"south": {"uv": [63.225, 23], "uv_size": [0.775, 4.35]},
								"west": {"uv": [63.15, 22.875], "uv_size": [0.85, 4.6]},
								"up": {"uv": [8.775, 3.1], "uv_size": [-0.65, -0.85]},
								"down": {"uv": [8.9, 2.85], "uv_size": [-0.65, -0.85]}
							}
						},
						{
							"origin": [1.61127, 15.45664, 1.13418],
							"size": [0.55, 1.25, 1.15],
							"pivot": [1.8, 16.4, 2.15],
							"rotation": [-19.90221, 5.76349, -4.14748],
							"uv": {
								"north": {"uv": [63.225, 23], "uv_size": [0.775, 4.35]},
								"east": {"uv": [63.275, 22.875], "uv_size": [0.725, 4.35]},
								"south": {"uv": [63.225, 23], "uv_size": [0.775, 4.35]},
								"west": {"uv": [63.15, 22.875], "uv_size": [0.85, 4.6]},
								"up": {"uv": [8.775, 3.1], "uv_size": [-0.65, -0.85]},
								"down": {"uv": [8.9, 2.85], "uv_size": [-0.65, -0.85]}
							}
						},
						{
							"origin": [2.01127, 17.40664, -2.91582],
							"size": [0.65, 1.15, 0.95],
							"pivot": [2.2, 18.25, -2.1],
							"rotation": [17.77327, -5.17934, 29.1493],
							"uv": {
								"north": {"uv": [63.225, 23], "uv_size": [0.775, 4.35]},
								"east": {"uv": [63.275, 22.875], "uv_size": [0.725, 4.35]},
								"south": {"uv": [63.225, 23], "uv_size": [0.775, 4.35]},
								"west": {"uv": [63.15, 22.875], "uv_size": [0.85, 4.6]},
								"up": {"uv": [8.775, 3.1], "uv_size": [-0.65, -0.85]},
								"down": {"uv": [8.9, 2.85], "uv_size": [-0.65, -0.85]}
							}
						},
						{
							"origin": [1.81127, 16.40664, -2.81582],
							"size": [0.65, 1.15, 0.85],
							"pivot": [2, 17.25, -2.1],
							"rotation": [17.77327, -5.17934, 29.1493],
							"uv": {
								"north": {"uv": [63.225, 23], "uv_size": [0.775, 4.35]},
								"east": {"uv": [63.275, 22.875], "uv_size": [0.725, 4.35]},
								"south": {"uv": [63.225, 23], "uv_size": [0.775, 4.35]},
								"west": {"uv": [63.15, 22.875], "uv_size": [0.85, 4.6]},
								"up": {"uv": [8.775, 3.1], "uv_size": [-0.65, -0.85]},
								"down": {"uv": [8.9, 2.85], "uv_size": [-0.65, -0.85]}
							}
						},
						{
							"origin": [2.31127, 19.80664, -1.91582],
							"size": [0.65, 0.35, 0.85],
							"pivot": [2.5, 20.05, -1.3],
							"rotation": [18.48671, 0.30486, 12.50928],
							"uv": {
								"north": {"uv": [63.225, 23], "uv_size": [0.775, 4.35]},
								"east": {"uv": [63.275, 22.875], "uv_size": [0.725, 4.35]},
								"south": {"uv": [63.225, 23], "uv_size": [0.775, 4.35]},
								"west": {"uv": [63.15, 22.875], "uv_size": [0.85, 4.6]},
								"up": {"uv": [8.775, 3.1], "uv_size": [-0.65, -0.85]},
								"down": {"uv": [8.9, 2.85], "uv_size": [-0.65, -0.85]}
							}
						},
						{
							"origin": [2.31127, 19.80664, -0.91582],
							"size": [0.65, 0.35, 0.85],
							"pivot": [2.5, 20.05, -0.3],
							"rotation": [18.48671, 0.30486, 12.50928],
							"uv": {
								"north": {"uv": [63.225, 23], "uv_size": [0.775, 4.35]},
								"east": {"uv": [63.275, 22.875], "uv_size": [0.725, 4.35]},
								"south": {"uv": [63.225, 23], "uv_size": [0.775, 4.35]},
								"west": {"uv": [63.15, 22.875], "uv_size": [0.85, 4.6]},
								"up": {"uv": [8.775, 3.1], "uv_size": [-0.65, -0.85]},
								"down": {"uv": [8.9, 2.85], "uv_size": [-0.65, -0.85]}
							}
						},
						{
							"origin": [2.31127, 19.80664, 0.08418],
							"size": [0.65, 0.35, 0.85],
							"pivot": [2.5, 20.05, 0.7],
							"rotation": [18.48671, 0.30486, 12.50928],
							"uv": {
								"north": {"uv": [63.225, 23], "uv_size": [0.775, 4.35]},
								"east": {"uv": [63.275, 22.875], "uv_size": [0.725, 4.35]},
								"south": {"uv": [63.225, 23], "uv_size": [0.775, 4.35]},
								"west": {"uv": [63.15, 22.875], "uv_size": [0.85, 4.6]},
								"up": {"uv": [8.775, 3.1], "uv_size": [-0.65, -0.85]},
								"down": {"uv": [8.9, 2.85], "uv_size": [-0.65, -0.85]}
							}
						},
						{
							"origin": [2.31127, 19.70664, 1.28418],
							"size": [0.65, 0.25, 0.95],
							"pivot": [2.5, 19.85, 1.9],
							"rotation": [13.48671, 0.30486, 12.50928],
							"uv": {
								"north": {"uv": [63.225, 23], "uv_size": [0.775, 4.35]},
								"east": {"uv": [63.275, 22.875], "uv_size": [0.725, 4.35]},
								"south": {"uv": [63.225, 23], "uv_size": [0.775, 4.35]},
								"west": {"uv": [63.15, 22.875], "uv_size": [0.85, 4.6]},
								"up": {"uv": [8.775, 3.1], "uv_size": [-0.65, -0.85]},
								"down": {"uv": [8.9, 2.85], "uv_size": [-0.65, -0.85]}
							}
						}
					]
				},
				{
					"name": "pifeng",
					"parent": "body",
					"pivot": [0, 0, 0],
					"cubes": [
						{
							"origin": [-3, 6.25, 2],
							"size": [6.25, 12.75, 0.1],
							"pivot": [-0.4, 18.75, 2.1],
							"rotation": [15, 0, 0],
							"uv": {
								"north": {"uv": [5.5, 3.25], "uv_size": [0.375, 0.625]},
								"east": {"uv": [4.75, 3], "uv_size": [0.5, 0.5]},
								"south": {"uv": [4.625, 2.75], "uv_size": [0.625, 1.125]},
								"west": {"uv": [4.875, 2.875], "uv_size": [0.375, 0.875]},
								"up": {"uv": [5.25, 3.75], "uv_size": [-0.75, -0.75]},
								"down": {"uv": [5.125, 3.625], "uv_size": [-0.5, -0.25]}
							}
						},
						{
							"origin": [2.6, 6.9, 1.8],
							"size": [0.65, 13.1, 0.4],
							"pivot": [3, 18.65, 2.9],
							"rotation": [16.12838, -1.38778, -2.39613],
							"uv": {
								"north": {"uv": [63.225, 23], "uv_size": [0.775, 4.35]},
								"east": {"uv": [63.275, 22.875], "uv_size": [0.725, 4.35]},
								"south": {"uv": [63.225, 23], "uv_size": [0.775, 4.35]},
								"west": {"uv": [63.15, 22.875], "uv_size": [0.85, 4.6]},
								"up": {"uv": [8.775, 3.1], "uv_size": [-0.65, -0.85]},
								"down": {"uv": [8.9, 2.85], "uv_size": [-0.65, -0.85]}
							}
						},
						{
							"origin": [-3.15, 6.9, 1.8],
							"size": [0.65, 12.85, 0.4],
							"pivot": [-2.75, 18.65, 2.9],
							"rotation": [16.05564, -2.08083, 0.00701],
							"uv": {
								"north": {"uv": [63.225, 23], "uv_size": [0.775, 4.35]},
								"east": {"uv": [63.275, 22.875], "uv_size": [0.725, 4.35]},
								"south": {"uv": [63.225, 23], "uv_size": [0.775, 4.35]},
								"west": {"uv": [63.15, 22.875], "uv_size": [0.85, 4.6]},
								"up": {"uv": [8.775, 3.1], "uv_size": [-0.65, -0.85]},
								"down": {"uv": [8.9, 2.85], "uv_size": [-0.65, -0.85]}
							}
						},
						{
							"origin": [-0.15073, 3.26595, 5.15945],
							"size": [0.75, 6.65, 0.2],
							"pivot": [0.25, 6.65, 4.4],
							"rotation": [0.33479, -16.04477, 90.60571],
							"uv": {
								"north": {"uv": [63.225, 23], "uv_size": [0.775, 4.35]},
								"east": {"uv": [63.275, 22.875], "uv_size": [0.725, 4.35]},
								"south": {"uv": [63.225, 23], "uv_size": [0.775, 4.35]},
								"west": {"uv": [63.15, 22.875], "uv_size": [0.85, 4.6]},
								"up": {"uv": [8.775, 3.1], "uv_size": [-0.65, -0.85]},
								"down": {"uv": [8.9, 2.85], "uv_size": [-0.65, -0.85]}
							}
						}
					]
				},
				{
					"name": "b",
					"parent": "body",
					"pivot": [0, 0, 0],
					"cubes": [
						{
							"origin": [-2.8, 13.5, -2.3],
							"size": [2, 2.75, 3.85],
							"pivot": [-1.8, 13, 0],
							"rotation": [0, 0, -4.5],
							"uv": {
								"north": {"uv": [26.875, 61.75], "uv_size": [0.875, 2.25]},
								"east": {"uv": [24.875, 61.75], "uv_size": [2.775, 2.25]},
								"south": {"uv": [0, 4.125], "uv_size": [2, 2.75]},
								"west": {"uv": [0, 0], "uv_size": [3.4, 2.75]},
								"up": {"uv": [2.875, 7.525], "uv_size": [-1.5, -2.9]},
								"down": {"uv": [2, 3.4], "uv_size": [-2, -3.4]}
							}
						}
					]
				},
				{
					"name": "legLeft",
					"pivot": [1.7, 9, 0],
					"cubes": [
						{
							"origin": [0.199, 7, -1.5],
							"size": [2.8, 5, 3],
							"pivot": [-0.3, 3, 0],
							"rotation": [2.49962, -0.04362, 1.99905],
							"uv": {
								"north": {"uv": [23, 36], "uv_size": [2.75, 5]},
								"east": {"uv": [33, 0], "uv_size": [3, 5]},
								"south": {"uv": [36, 23], "uv_size": [2.75, 5]},
								"west": {"uv": [33, 19], "uv_size": [3, 5]},
								"up": {"uv": [46, 13], "uv_size": [2.75, 3]},
								"down": {"uv": [46, 42], "uv_size": [2.75, -3]}
							}
						},
						{
							"origin": [0.45, 0.25, -1.5],
							"size": [2.25, 6.8, 2.5],
							"pivot": [1.45, 3.25, -0.5],
							"rotation": [2.48467, 0.10727, 0.25717],
							"uv": {
								"north": {"uv": [14, 33], "uv_size": [2.25, 6.75]},
								"east": {"uv": [3, 31], "uv_size": [2.5, 6.75]},
								"south": {"uv": [17, 33], "uv_size": [2.25, 6.75]},
								"west": {"uv": [31, 5], "uv_size": [2.5, 6.75]},
								"up": {"uv": [49, 42], "uv_size": [2.25, 2.5]},
								"down": {"uv": [49, 47.5], "uv_size": [2.25, -2.5]}
							}
						}
					]
				},
				{
					"name": "footLeft",
					"parent": "legLeft",
					"pivot": [0, 0, 0],
					"cubes": [
						{
							"origin": [0.4, 0.5, -3],
							"size": [2.25, 1, 3],
							"pivot": [1.4, 0.25, -2],
							"rotation": [20, 0, 0],
							"uv": {
								"north": {"uv": [56, 49], "uv_size": [2.25, 1]},
								"east": {"uv": [55, 30], "uv_size": [3, 1]},
								"south": {"uv": [57, 9], "uv_size": [2.25, 1]},
								"west": {"uv": [55, 44], "uv_size": [3, 1]},
								"up": {"uv": [37, 48], "uv_size": [2.25, 3]},
								"down": {"uv": [46, 51], "uv_size": [2.25, -3]}
							}
						},
						{
							"origin": [0.5, 0, -3],
							"size": [2.05, 1, 4],
							"uv": {
								"north": {"uv": [57, 26], "uv_size": [2, 1]},
								"east": {"uv": [53, 36], "uv_size": [4, 1]},
								"south": {"uv": [57, 27], "uv_size": [2, 1]},
								"west": {"uv": [53, 45], "uv_size": [4, 1]},
								"up": {"uv": [13, 47], "uv_size": [2, 4]},
								"down": {"uv": [15, 51], "uv_size": [2, -4]}
							}
						}
					]
				},
				{
					"name": "legRight",
					"pivot": [-1.6, 9, 0],
					"cubes": [
						{
							"origin": [-2.899, 7, -1.5],
							"size": [2.8, 5, 3],
							"pivot": [0.4, 3, 0],
							"rotation": [2.49962, 0.04362, -1.99905],
							"uv": {
								"north": {"uv": [35, 37], "uv_size": [2.75, 5]},
								"east": {"uv": [20, 33], "uv_size": [3, 5]},
								"south": {"uv": [0, 38], "uv_size": [2.75, 5]},
								"west": {"uv": [33, 24], "uv_size": [3, 5]},
								"up": {"uv": [46, 42], "uv_size": [2.75, 3]},
								"down": {"uv": [46, 48], "uv_size": [2.75, -3]}
							}
						},
						{
							"origin": [-2.6, 0.25, -1.5],
							"size": [2.25, 6.8, 2.5],
							"pivot": [-1.6, 3.25, -0.5],
							"rotation": [2.48467, 0.10727, 0.25717],
							"uv": {
								"north": {"uv": [11, 33], "uv_size": [2.25, 6.75]},
								"east": {"uv": [23, 29], "uv_size": [2.5, 6.75]},
								"south": {"uv": [33, 12], "uv_size": [2.25, 6.75]},
								"west": {"uv": [0, 31], "uv_size": [2.5, 6.75]},
								"up": {"uv": [49, 39], "uv_size": [2.25, 2.5]},
								"down": {"uv": [42, 51.5], "uv_size": [2.25, -2.5]}
							}
						}
					]
				},
				{
					"name": "footRight",
					"parent": "legRight",
					"pivot": [0, 0, 0],
					"cubes": [
						{
							"origin": [-2.5, 0, -3],
							"size": [2.05, 1, 4],
							"uv": {
								"north": {"uv": [31, 12], "uv_size": [2, 1]},
								"east": {"uv": [53, 9], "uv_size": [4, 1]},
								"south": {"uv": [57, 24], "uv_size": [2, 1]},
								"west": {"uv": [53, 31], "uv_size": [4, 1]},
								"up": {"uv": [44, 0], "uv_size": [2, 4]},
								"down": {"uv": [11, 51], "uv_size": [2, -4]}
							}
						},
						{
							"origin": [-2.6, 0.5, -3],
							"size": [2.25, 1, 3],
							"pivot": [-1.6, 0.25, -2],
							"rotation": [20, 0, 0],
							"uv": {
								"north": {"uv": [56, 20], "uv_size": [2.25, 1]},
								"east": {"uv": [36, 4], "uv_size": [3, 1]},
								"south": {"uv": [56, 43], "uv_size": [2.25, 1]},
								"west": {"uv": [36, 28], "uv_size": [3, 1]},
								"up": {"uv": [48, 8], "uv_size": [2.25, 3]},
								"down": {"uv": [21, 51], "uv_size": [2.25, -3]}
							}
						}
					]
				}
			]
		}
	]
}