{
	"format_version": "1.12.0",
	"minecraft:geometry": [
		{
			"description": {
				"identifier": "geometry.model",
				"texture_width": 64,
				"texture_height": 64,
				"visible_bounds_width": 3,
				"visible_bounds_height": 4,
				"visible_bounds_offset": [0, 1, 0]
			},
			"bones": [
				{
					"name": "head",
					"pivot": [0, 20.3, 0.25],
					"cubes": [
						{
							"origin": [-3.25, 20.3, -3.25],
							"size": [6.5, 6, 5.75],
							"uv": {
								"north": {"uv": [0, 8], "uv_size": [6.5, 6]},
								"east": {"uv": [7, 20], "uv_size": [5.75, 6]},
								"south": {"uv": [7, 8], "uv_size": [6.5, 6]},
								"west": {"uv": [21, 6], "uv_size": [5.75, 6]},
								"up": {"uv": [14, 12], "uv_size": [6.5, 5.75]},
								"down": {"uv": [14, 23.75], "uv_size": [6.5, -5.75]}
							}
						}
					]
				},
				{
					"name": "Hair",
					"parent": "head",
					"pivot": [0, 0, 0],
					"cubes": [
						{
							"origin": [-3.5, 21.9, -2.5],
							"size": [6.9, 4.7, 5.4],
							"uv": {
								"north": {"uv": [13, 24], "uv_size": [6.875, 4.75]},
								"east": {"uv": [27, 23], "uv_size": [5.375, 4.75]},
								"south": {"uv": [20, 24], "uv_size": [6.875, 4.75]},
								"west": {"uv": [27, 28], "uv_size": [5.375, 4.75]},
								"up": {"uv": [19, 0], "uv_size": [6.875, 5.375]},
								"down": {"uv": [0, 25.375], "uv_size": [6.875, -5.375]}
							}
						},
						{
							"origin": [-3.5, 20.5, -1.4],
							"size": [6.9, 1.9, 4.5],
							"pivot": [3.4, 22, 0],
							"rotation": [7.5, -2.5, 0],
							"uv": {
								"north": {"uv": [38, 37], "uv_size": [6.875, 1.875]},
								"east": {"uv": [45, 37], "uv_size": [4.5, 1.875]},
								"south": {"uv": [39, 4], "uv_size": [6.875, 1.875]},
								"west": {"uv": [46, 6], "uv_size": [4.5, 1.875]},
								"up": {"uv": [0, 26], "uv_size": [6.875, 4.5]},
								"down": {"uv": [26, 4.5], "uv_size": [6.875, -4.5]}
							}
						},
						{
							"origin": [-3, 26, -3.25],
							"size": [6, 1, 5.5],
							"uv": {
								"north": {"uv": [47, 36], "uv_size": [6, 1]},
								"east": {"uv": [50, 3], "uv_size": [5.5, 1]},
								"south": {"uv": [48, 5], "uv_size": [6, 1]},
								"west": {"uv": [50, 4], "uv_size": [5.5, 1]},
								"up": {"uv": [21, 12], "uv_size": [6, 5.5]},
								"down": {"uv": [21, 23.5], "uv_size": [6, -5.5]}
							}
						},
						{
							"origin": [-2.75, 26.75, -3],
							"size": [5.5, 1.05, 5],
							"uv": {
								"north": {"uv": [50, 37], "uv_size": [5.5, 1]},
								"east": {"uv": [51, 10], "uv_size": [5, 1]},
								"south": {"uv": [50, 38], "uv_size": [5.5, 1]},
								"west": {"uv": [51, 35], "uv_size": [5, 1]},
								"up": {"uv": [27, 13], "uv_size": [5.5, 5]},
								"down": {"uv": [27, 23], "uv_size": [5.5, -5]}
							}
						},
						{
							"origin": [1.35, 23.5, -2.8],
							"size": [0.5, 3, 1.25],
							"pivot": [2.35, 23.5, -2.55],
							"rotation": [-35, 0, 155],
							"uv": {
								"north": {"uv": [25, 58], "uv_size": [0.5, 3]},
								"east": {"uv": [30, 54], "uv_size": [1.25, 3]},
								"south": {"uv": [58, 28], "uv_size": [0.5, 3]},
								"west": {"uv": [54, 32], "uv_size": [1.25, 3]},
								"up": {"uv": [60, 6], "uv_size": [0.5, 1.25]},
								"down": {"uv": [7, 61.25], "uv_size": [0.5, -1.25]}
							}
						},
						{
							"origin": [1.85, 22, -1.8],
							"size": [0.5, 3, 1.25],
							"pivot": [2.85, 22.25, -1.55],
							"rotation": [-19.25656, 11.86554, -174.51995],
							"uv": {
								"north": {"uv": [58, 31], "uv_size": [0.5, 3]},
								"east": {"uv": [37, 54], "uv_size": [1.25, 3]},
								"south": {"uv": [58, 34], "uv_size": [0.5, 3]},
								"west": {"uv": [45, 54], "uv_size": [1.25, 3]},
								"up": {"uv": [60, 9], "uv_size": [0.5, 1.25]},
								"down": {"uv": [11, 61.25], "uv_size": [0.5, -1.25]}
							}
						}
					]
				},
				{
					"name": "HairFront",
					"parent": "Hair",
					"pivot": [0, 0, -0.25],
					"cubes": [
						{
							"origin": [0.25, 25.75, -3.25],
							"size": [2, 1.3, 1],
							"pivot": [1.25, 25.75, -2.25],
							"rotation": [15, 0, 0],
							"uv": {
								"north": {"uv": [56, 52], "uv_size": [2, 1.25]},
								"east": {"uv": [42, 35], "uv_size": [1, 1.25]},
								"south": {"uv": [56, 54], "uv_size": [2, 1.25]},
								"west": {"uv": [33, 45], "uv_size": [1, 1.25]},
								"up": {"uv": [37, 57], "uv_size": [2, 1]},
								"down": {"uv": [57, 38], "uv_size": [2, -1]}
							}
						},
						{
							"origin": [0.15, 25.25, -3.75],
							"size": [2.2, 1.5, 2],
							"pivot": [1.25, 24.75, -2.75],
							"rotation": [-32.5, 0, 0],
							"uv": {
								"north": {"uv": [49, 54], "uv_size": [2.25, 1.5]},
								"east": {"uv": [0, 56], "uv_size": [2, 1.5]},
								"south": {"uv": [54, 50], "uv_size": [2.25, 1.5]},
								"west": {"uv": [56, 3], "uv_size": [2, 1.5]},
								"up": {"uv": [39, 35], "uv_size": [2.25, 2]},
								"down": {"uv": [40, 23], "uv_size": [2.25, -2]}
							}
						},
						{
							"origin": [3.45, 23.8, -3.3],
							"size": [0.5, 3, 1.6],
							"pivot": [4.45, 24.5, -2.7],
							"rotation": [10, 0, -17.5],
							"uv": {
								"north": {"uv": [58, 21], "uv_size": [0.5, 3]},
								"east": {"uv": [52, 15], "uv_size": [1.625, 3]},
								"south": {"uv": [23, 58], "uv_size": [0.5, 3]},
								"west": {"uv": [17, 52], "uv_size": [1.625, 3]},
								"up": {"uv": [50, 59], "uv_size": [0.5, 1.625]},
								"down": {"uv": [59, 51.625], "uv_size": [0.5, -1.625]}
							}
						},
						{
							"origin": [-4.3, 23.3, -3.55],
							"size": [2, 3, 1.6],
							"pivot": [-3.3, 24, -2.95],
							"rotation": [0, 0, 2.5],
							"uv": {
								"north": {"uv": [11, 26], "uv_size": [2, 3]},
								"east": {"uv": [48, 51], "uv_size": [1.625, 3]},
								"south": {"uv": [34, 9], "uv_size": [2, 3]},
								"west": {"uv": [50, 51], "uv_size": [1.625, 3]},
								"up": {"uv": [26, 55], "uv_size": [2, 1.625]},
								"down": {"uv": [55, 27.625], "uv_size": [2, -1.625]}
							}
						},
						{
							"origin": [-4.3, 19.5, -3.35],
							"size": [0.95, 2.15, 1],
							"pivot": [-3.7, 21.35, -4.25],
							"rotation": [10, 0, -10],
							"uv": {
								"north": {"uv": [21, 45], "uv_size": [1, 2.125]},
								"east": {"uv": [57, 14], "uv_size": [1, 2.125]},
								"south": {"uv": [57, 17], "uv_size": [1, 2.125]},
								"west": {"uv": [57, 21], "uv_size": [1, 2.125]},
								"up": {"uv": [26, 5], "uv_size": [1, 1]},
								"down": {"uv": [44, 17], "uv_size": [1, -1]}
							}
						},
						{
							"origin": [2.7, 22, -3.9],
							"size": [0.95, 2.15, 1.3],
							"pivot": [3.3, 23.85, -4.75],
							"rotation": [9.40804, 3.40487, -29.71975],
							"uv": {
								"north": {"uv": [26, 57], "uv_size": [1, 2.125]},
								"east": {"uv": [56, 46], "uv_size": [1.25, 2.125]},
								"south": {"uv": [27, 57], "uv_size": [1, 2.125]},
								"west": {"uv": [50, 56], "uv_size": [1.25, 2.125]},
								"up": {"uv": [48, 11], "uv_size": [1, 1.25]},
								"down": {"uv": [45, 50.25], "uv_size": [1, -1.25]}
							}
						},
						{
							"origin": [-3.5, 20.85, -3.85],
							"size": [0.95, 0.9, 0.25],
							"pivot": [-2.9, 21.7, -4.25],
							"rotation": [0, 0, -10],
							"uv": {
								"north": {"uv": [28, 46], "uv_size": [1, 0.875]},
								"east": {"uv": [60, 45], "uv_size": [0.25, 0.875]},
								"south": {"uv": [37, 47], "uv_size": [1, 0.875]},
								"west": {"uv": [60, 50], "uv_size": [0.25, 0.875]},
								"up": {"uv": [36, 60], "uv_size": [1, 0.25]},
								"down": {"uv": [40, 60.25], "uv_size": [1, -0.25]}
							}
						},
						{
							"origin": [-4.55, 21.5, -3.85],
							"size": [1.2, 1.9, 1.5],
							"pivot": [-3.95, 23.1, -4.25],
							"rotation": [0, 0, -10],
							"uv": {
								"north": {"uv": [56, 56], "uv_size": [1.25, 1.875]},
								"east": {"uv": [56, 6], "uv_size": [1.5, 1.875]},
								"south": {"uv": [57, 12], "uv_size": [1.25, 1.875]},
								"west": {"uv": [56, 10], "uv_size": [1.5, 1.875]},
								"up": {"uv": [57, 41], "uv_size": [1.25, 1.5]},
								"down": {"uv": [57, 51.5], "uv_size": [1.25, -1.5]}
							}
						},
						{
							"origin": [3.45, 23.5, -3.95],
							"size": [1.1, 3.2, 1.45],
							"pivot": [2.25, 21.25, -2.75],
							"rotation": [0, 0, -20],
							"uv": {
								"north": {"uv": [54, 46], "uv_size": [1.125, 3.25]},
								"east": {"uv": [6, 52], "uv_size": [1.5, 3.25]},
								"south": {"uv": [47, 54], "uv_size": [1.125, 3.25]},
								"west": {"uv": [52, 11], "uv_size": [1.5, 3.25]},
								"up": {"uv": [58, 6], "uv_size": [1.125, 1.5]},
								"down": {"uv": [58, 11.5], "uv_size": [1.125, -1.5]}
							}
						},
						{
							"origin": [-4.15, 23.5, -3.65],
							"size": [2.7, 3.75, 1.15],
							"pivot": [-3, 21.25, -2.75],
							"rotation": [0, 0, 7.5],
							"uv": {
								"north": {"uv": [40, 17], "uv_size": [2.75, 3.75]},
								"east": {"uv": [53, 27], "uv_size": [1.125, 3.75]},
								"south": {"uv": [26, 42], "uv_size": [2.75, 3.75]},
								"west": {"uv": [53, 39], "uv_size": [1.125, 3.75]},
								"up": {"uv": [55, 28], "uv_size": [2.75, 1.125]},
								"down": {"uv": [56, 1.125], "uv_size": [2.75, -1.125]}
							}
						},
						{
							"origin": [-3.42338, 21.05931, -4.05798],
							"size": [1, 2.7, 0.5],
							"pivot": [-3.3, 23.55, -2.89],
							"rotation": [4.09918, -2.86544, 59.89743],
							"uv": {
								"north": {"uv": [6, 31], "uv_size": [1, 2.75]},
								"east": {"uv": [37, 58], "uv_size": [0.5, 2.75]},
								"south": {"uv": [22, 38], "uv_size": [1, 2.75]},
								"west": {"uv": [38, 58], "uv_size": [0.5, 2.75]},
								"up": {"uv": [15, 60], "uv_size": [1, 0.5]},
								"down": {"uv": [18, 60.5], "uv_size": [1, -0.5]}
							}
						},
						{
							"origin": [-2.42338, 22.10931, -4.05798],
							"size": [1, 2.4, 0.5],
							"pivot": [-2.3, 24.3, -2.89],
							"rotation": [4.53359, -2.11089, 49.91643],
							"uv": {
								"north": {"uv": [39, 6], "uv_size": [1, 2.375]},
								"east": {"uv": [8, 59], "uv_size": [0.5, 2.375]},
								"south": {"uv": [31, 42], "uv_size": [1, 2.375]},
								"west": {"uv": [59, 26], "uv_size": [0.5, 2.375]},
								"up": {"uv": [13, 60], "uv_size": [1, 0.5]},
								"down": {"uv": [14, 60.5], "uv_size": [1, -0.5]}
							}
						},
						{
							"origin": [-1.7, 23.45, -3.95],
							"size": [1, 3.6, 0.5],
							"pivot": [-0.9, 25.15, -2.95],
							"rotation": [-5, 0, 30],
							"uv": {
								"north": {"uv": [13, 20], "uv_size": [1, 3.625]},
								"east": {"uv": [46, 57], "uv_size": [0.5, 3.625]},
								"south": {"uv": [26, 29], "uv_size": [1, 3.625]},
								"west": {"uv": [54, 57], "uv_size": [0.5, 3.625]},
								"up": {"uv": [60, 11], "uv_size": [1, 0.5]},
								"down": {"uv": [12, 60.5], "uv_size": [1, -0.5]}
							}
						},
						{
							"origin": [-0.36738, 21.09215, -4.55],
							"size": [1.1, 3.6, 0.4],
							"pivot": [0.6, 25.35, -3.65],
							"rotation": [10, 0, 45],
							"uv": {
								"north": {"uv": [40, 53], "uv_size": [1.125, 3.625]},
								"east": {"uv": [47, 58], "uv_size": [0.375, 3.625]},
								"south": {"uv": [2, 54], "uv_size": [1.125, 3.625]},
								"west": {"uv": [48, 58], "uv_size": [0.375, 3.625]},
								"up": {"uv": [26, 60], "uv_size": [1.125, 0.375]},
								"down": {"uv": [60, 26.375], "uv_size": [1.125, -0.375]}
							}
						},
						{
							"origin": [-0.08208, 21.47961, -4.35268],
							"size": [0.45, 2.4, 0.15],
							"pivot": [0.1, 23.6, -4.25],
							"rotation": [1.26481, -3.05924, 37.66646],
							"uv": {
								"north": {"uv": [28, 59], "uv_size": [0.5, 2.375]},
								"east": {"uv": [34, 60], "uv_size": [0.125, 2.375]},
								"south": {"uv": [29, 59], "uv_size": [0.5, 2.375]},
								"west": {"uv": [35, 60], "uv_size": [0.125, 2.375]},
								"up": {"uv": [52, 60], "uv_size": [0.5, 0.125]},
								"down": {"uv": [53, 60.125], "uv_size": [0.5, -0.125]}
							}
						},
						{
							"origin": [0.46792, 23.67961, -3.95268],
							"size": [0.45, 2.5, 0.15],
							"pivot": [0.65, 25.8, -3.85],
							"rotation": [-12.12913, -1.45375, 10.79341],
							"uv": {
								"north": {"uv": [58, 56], "uv_size": [0.5, 2.5]},
								"east": {"uv": [32, 60], "uv_size": [0.125, 2.5]},
								"south": {"uv": [0, 59], "uv_size": [0.5, 2.5]},
								"west": {"uv": [33, 60], "uv_size": [0.125, 2.5]},
								"up": {"uv": [51, 60], "uv_size": [0.5, 0.125]},
								"down": {"uv": [60, 51.125], "uv_size": [0.5, -0.125]}
							}
						},
						{
							"origin": [-0.6, 25.05, -4.25],
							"size": [1.1, 2.5, 0.4],
							"pivot": [-0.5, 25.55, -3.85],
							"rotation": [-11.80423, 3.1622, 32.31197],
							"uv": {
								"north": {"uv": [4, 56], "uv_size": [1.125, 2.5]},
								"east": {"uv": [39, 59], "uv_size": [0.375, 2.5]},
								"south": {"uv": [6, 56], "uv_size": [1.125, 2.5]},
								"west": {"uv": [42, 59], "uv_size": [0.375, 2.5]},
								"up": {"uv": [21, 60], "uv_size": [1.125, 0.375]},
								"down": {"uv": [60, 25.375], "uv_size": [1.125, -0.375]}
							}
						}
					]
				},
				{
					"name": "BackHair",
					"parent": "Hair",
					"pivot": [0, 0, 0],
					"cubes": [
						{
							"origin": [-0.5, 14, 2.65],
							"size": [1.6, 8.85, 0.45],
							"pivot": [0.1, 22, 2.4],
							"rotation": [24.30998, 25.71543, 10.09541],
							"uv": {
								"north": {"uv": [26, 33], "uv_size": [1.625, 8.875]},
								"east": {"uv": [9, 53], "uv_size": [0.5, 8.875]},
								"south": {"uv": [28, 33], "uv_size": [1.625, 8.875]},
								"west": {"uv": [10, 53], "uv_size": [0.5, 8.875]},
								"up": {"uv": [56, 59], "uv_size": [1.625, 0.5]},
								"down": {"uv": [59, 56.5], "uv_size": [1.625, -0.5]}
							}
						},
						{
							"origin": [-0.39846, 8.35617, 5.30604],
							"size": [1.85, 6.6, 0.45],
							"pivot": [0.6, 14.3, 5.45],
							"rotation": [1.2533, 23.31455, 9.38331],
							"uv": {
								"north": {"uv": [20, 38], "uv_size": [1.875, 6.625]},
								"east": {"uv": [16, 55], "uv_size": [0.5, 6.625]},
								"south": {"uv": [32, 38], "uv_size": [1.875, 6.625]},
								"west": {"uv": [17, 55], "uv_size": [0.5, 6.625]},
								"up": {"uv": [59, 43], "uv_size": [1.875, 0.5]},
								"down": {"uv": [59, 49.5], "uv_size": [1.875, -0.5]}
							}
						},
						{
							"origin": [-1.4, 14, 2.55],
							"size": [1.6, 8.85, 0.45],
							"pivot": [-0.8, 22, 2.3],
							"rotation": [22.98052, -18.19301, -8.53659],
							"uv": {
								"north": {"uv": [33, 29], "uv_size": [1.625, 8.875]},
								"east": {"uv": [53, 18], "uv_size": [0.5, 8.875]},
								"south": {"uv": [30, 33], "uv_size": [1.625, 8.875]},
								"west": {"uv": [24, 53], "uv_size": [0.5, 8.875]},
								"up": {"uv": [59, 57], "uv_size": [1.625, 0.5]},
								"down": {"uv": [58, 59.5], "uv_size": [1.625, -0.5]}
							}
						},
						{
							"origin": [-1.566, 9.32877, 5.28989],
							"size": [1.6, 5.65, 0.45],
							"pivot": [-1.1, 14.85, 5.8],
							"rotation": [7.72255, -15.94616, -8.16008],
							"uv": {
								"north": {"uv": [31, 45], "uv_size": [1.625, 5.625]},
								"east": {"uv": [56, 37], "uv_size": [0.5, 5.625]},
								"south": {"uv": [46, 0], "uv_size": [1.625, 5.625]},
								"west": {"uv": [49, 56], "uv_size": [0.5, 5.625]},
								"up": {"uv": [59, 58], "uv_size": [1.625, 0.5]},
								"down": {"uv": [1, 60.5], "uv_size": [1.625, -0.5]}
							}
						}
					]
				},
				{
					"name": "hairLeftSwing",
					"parent": "Hair",
					"pivot": [1.95, 21.4, 2.7],
					"rotation": [-6.94714, -14.21826, -2.29119],
					"cubes": [
						{
							"origin": [1.53512, 17.49148, 1.70633],
							"size": [1.6, 6.5, 0.75],
							"pivot": [2.03512, 23.68185, 1.90927],
							"rotation": [23.61449, 50.89126, 5.81251],
							"uv": {
								"north": {"uv": [40, 10], "uv_size": [1.625, 6.5]},
								"east": {"uv": [23, 51], "uv_size": [0.75, 6.5]},
								"south": {"uv": [11, 40], "uv_size": [1.625, 6.5]},
								"west": {"uv": [8, 52], "uv_size": [0.75, 6.5]},
								"up": {"uv": [59, 0], "uv_size": [1.625, 0.75]},
								"down": {"uv": [1, 59.75], "uv_size": [1.625, -0.75]}
							}
						},
						{
							"origin": [2.88512, 11.49148, 3.30633],
							"size": [1.6, 6.5, 0.75],
							"pivot": [3.38512, 17.68185, 3.50927],
							"rotation": [28.89691, 52.15142, 2.34169],
							"uv": {
								"north": {"uv": [13, 40], "uv_size": [1.625, 6.5]},
								"east": {"uv": [52, 18], "uv_size": [0.75, 6.5]},
								"south": {"uv": [15, 40], "uv_size": [1.625, 6.5]},
								"west": {"uv": [19, 52], "uv_size": [0.75, 6.5]},
								"up": {"uv": [59, 1], "uv_size": [1.625, 0.75]},
								"down": {"uv": [59, 2.75], "uv_size": [1.625, -0.75]}
							}
						},
						{
							"origin": [4.48512, 9.59148, 4.30633],
							"size": [1.6, 2.8, 0.75],
							"pivot": [4.98512, 13.98185, 4.50927],
							"rotation": [38.61891, 46.56474, 15.11649],
							"uv": {
								"north": {"uv": [52, 46], "uv_size": [1.625, 2.75]},
								"east": {"uv": [30, 57], "uv_size": [0.75, 2.75]},
								"south": {"uv": [52, 49], "uv_size": [1.625, 2.75]},
								"west": {"uv": [31, 57], "uv_size": [0.75, 2.75]},
								"up": {"uv": [59, 18], "uv_size": [1.625, 0.75]},
								"down": {"uv": [59, 19.75], "uv_size": [1.625, -0.75]}
							}
						},
						{
							"origin": [2.28512, 18.74148, 1.45633],
							"size": [0.85, 3.75, 0.75],
							"pivot": [2.78512, 22.18185, 1.65927],
							"rotation": [0.75894, 54.68839, -22.6555],
							"uv": {
								"north": {"uv": [34, 38], "uv_size": [0.875, 3.75]},
								"east": {"uv": [53, 55], "uv_size": [0.75, 3.75]},
								"south": {"uv": [30, 47], "uv_size": [0.875, 3.75]},
								"west": {"uv": [56, 12], "uv_size": [0.75, 3.75]},
								"up": {"uv": [2, 48], "uv_size": [0.875, 0.75]},
								"down": {"uv": [54, 26.75], "uv_size": [0.875, -0.75]}
							}
						},
						{
							"origin": [3.38512, 17.74148, 1.45633],
							"size": [0.85, 2.25, 0.75],
							"pivot": [3.88512, 19.68185, 1.65927],
							"rotation": [-11.73796, 53.8205, -38.02112],
							"uv": {
								"north": {"uv": [57, 38], "uv_size": [0.875, 2.25]},
								"east": {"uv": [55, 57], "uv_size": [0.75, 2.25]},
								"south": {"uv": [40, 57], "uv_size": [0.875, 2.25]},
								"west": {"uv": [3, 58], "uv_size": [0.75, 2.25]},
								"up": {"uv": [51, 59], "uv_size": [0.875, 0.75]},
								"down": {"uv": [53, 59.75], "uv_size": [0.875, -0.75]}
							}
						},
						{
							"origin": [2.98369, 18.08765, 1.08497],
							"size": [2.35, 0.5, 0.75],
							"pivot": [5.08512, 18.18185, 1.70927],
							"rotation": [-33.93665, 45.84183, -66.75153],
							"uv": {
								"north": {"uv": [59, 29], "uv_size": [2.375, 0.5]},
								"east": {"uv": [60, 27], "uv_size": [0.75, 0.5]},
								"south": {"uv": [59, 30], "uv_size": [2.375, 0.5]},
								"west": {"uv": [60, 28], "uv_size": [0.75, 0.5]},
								"up": {"uv": [57, 45], "uv_size": [2.375, 0.75]},
								"down": {"uv": [0, 58.75], "uv_size": [2.375, -0.75]}
							}
						},
						{
							"origin": [2.48369, 16.38765, 3.03497],
							"size": [2.95, 0.5, 0.45],
							"pivot": [4.58512, 16.48185, 3.35927],
							"rotation": [-52.82156, -16.97467, -126.07097],
							"uv": {
								"north": {"uv": [58, 38], "uv_size": [3, 0.5]},
								"east": {"uv": [41, 60], "uv_size": [0.5, 0.5]},
								"south": {"uv": [58, 39], "uv_size": [3, 0.5]},
								"west": {"uv": [43, 60], "uv_size": [0.5, 0.5]},
								"up": {"uv": [58, 40], "uv_size": [3, 0.5]},
								"down": {"uv": [58, 44.5], "uv_size": [3, -0.5]}
							}
						}
					]
				},
				{
					"name": "bone",
					"parent": "hairLeftSwing",
					"pivot": [3.33512, 0.68185, -0.14073],
					"rotation": [0, -39, 0],
					"cubes": [
						{
							"origin": [3.03512, 16.49148, 2.65633],
							"size": [1.6, 6.5, 0.75],
							"pivot": [3.53512, 22.68185, 2.85927],
							"rotation": [23.61449, 50.89126, 5.81251],
							"uv": {
								"north": {"uv": [17, 40], "uv_size": [1.625, 6.5]},
								"east": {"uv": [20, 52], "uv_size": [0.75, 6.5]},
								"south": {"uv": [22, 41], "uv_size": [1.625, 6.5]},
								"west": {"uv": [52, 25], "uv_size": [0.75, 6.5]},
								"up": {"uv": [4, 59], "uv_size": [1.625, 0.75]},
								"down": {"uv": [6, 59.75], "uv_size": [1.625, -0.75]}
							}
						},
						{
							"origin": [5.88512, 8.49148, 5.50633],
							"size": [1.6, 4.5, 0.75],
							"pivot": [6.38512, 12.68185, 5.70927],
							"rotation": [21.89691, 52.15142, 2.34169],
							"uv": {
								"north": {"uv": [47, 21], "uv_size": [1.625, 4.5]},
								"east": {"uv": [54, 52], "uv_size": [0.75, 4.5]},
								"south": {"uv": [47, 26], "uv_size": [1.625, 4.5]},
								"west": {"uv": [11, 55], "uv_size": [0.75, 4.5]},
								"up": {"uv": [59, 8], "uv_size": [1.625, 0.75]},
								"down": {"uv": [59, 12.75], "uv_size": [1.625, -0.75]}
							}
						},
						{
							"origin": [4.38512, 12.49148, 4.25633],
							"size": [1.6, 4.5, 0.75],
							"pivot": [4.88512, 16.68185, 4.45927],
							"rotation": [28.89691, 52.15142, 2.34169],
							"uv": {
								"north": {"uv": [28, 47], "uv_size": [1.625, 4.5]},
								"east": {"uv": [12, 55], "uv_size": [0.75, 4.5]},
								"south": {"uv": [47, 31], "uv_size": [1.625, 4.5]},
								"west": {"uv": [13, 55], "uv_size": [0.75, 4.5]},
								"up": {"uv": [59, 13], "uv_size": [1.625, 0.75]},
								"down": {"uv": [59, 14.75], "uv_size": [1.625, -0.75]}
							}
						}
					]
				},
				{
					"name": "bone2",
					"parent": "hairLeftSwing",
					"pivot": [2.63512, 22.68185, 3.55927],
					"rotation": [1.1092, -39.25533, -9.66716],
					"cubes": [
						{
							"origin": [0.59499, 16.49148, 2.61843],
							"size": [1.6, 6.5, 0.75],
							"pivot": [1.09499, 22.68185, 2.82136],
							"rotation": [23.61449, 50.89126, 5.81251],
							"uv": {
								"north": {"uv": [24, 41], "uv_size": [1.625, 6.5]},
								"east": {"uv": [28, 52], "uv_size": [0.75, 6.5]},
								"south": {"uv": [3, 42], "uv_size": [1.625, 6.5]},
								"west": {"uv": [29, 52], "uv_size": [0.75, 6.5]},
								"up": {"uv": [59, 15], "uv_size": [1.625, 0.75]},
								"down": {"uv": [59, 16.75], "uv_size": [1.625, -0.75]}
							}
						},
						{
							"origin": [3.44499, 8.49148, 5.46843],
							"size": [1.3, 5, 0.75],
							"pivot": [3.94499, 12.68185, 5.67136],
							"rotation": [38.67417, 43.17893, 24.83755],
							"uv": {
								"north": {"uv": [2, 49], "uv_size": [1.25, 5]},
								"east": {"uv": [32, 33], "uv_size": [0.75, 5]},
								"south": {"uv": [4, 49], "uv_size": [1.25, 5]},
								"west": {"uv": [19, 40], "uv_size": [0.75, 5]},
								"up": {"uv": [59, 42], "uv_size": [1.25, 0.75]},
								"down": {"uv": [43, 59.75], "uv_size": [1.25, -0.75]}
							}
						},
						{
							"origin": [1.94499, 12.49148, 4.21843],
							"size": [1.6, 4.5, 0.75],
							"pivot": [2.44499, 16.68185, 4.42136],
							"rotation": [28.89691, 52.15142, 2.34169],
							"uv": {
								"north": {"uv": [33, 47], "uv_size": [1.625, 4.5]},
								"east": {"uv": [14, 55], "uv_size": [0.75, 4.5]},
								"south": {"uv": [35, 47], "uv_size": [1.625, 4.5]},
								"west": {"uv": [15, 55], "uv_size": [0.75, 4.5]},
								"up": {"uv": [59, 17], "uv_size": [1.625, 0.75]},
								"down": {"uv": [18, 59.75], "uv_size": [1.625, -0.75]}
							}
						}
					]
				},
				{
					"name": "erzhuiRight",
					"parent": "hairLeftSwing",
					"pivot": [-4.55, 21.3, 0.05],
					"rotation": [0, 0, 10],
					"cubes": [
						{
							"origin": [-4.65, 20.7, -0.35],
							"size": [0.5, 0.6, 0.6],
							"pivot": [-4.55, 21.3, 0.05],
							"rotation": [-17.06488, 10.58927, 30.90686],
							"uv": {
								"north": {"uv": [11, 18], "uv_size": [2, 2]},
								"east": {"uv": [11.125, 17.75], "uv_size": [2, 2]},
								"south": {"uv": [11, 17.5], "uv_size": [2, 2]},
								"west": {"uv": [11, 17.875], "uv_size": [2, 2]},
								"up": {"uv": [13, 19.75], "uv_size": [-2, -2]},
								"down": {"uv": [13, 19.75], "uv_size": [-2, -2]}
							}
						},
						{
							"origin": [-4.65, 19.7, -0.35],
							"size": [0.2, 0.9, 0.1],
							"pivot": [-4.55, 20.4, 0.05],
							"rotation": [-7.06488, 10.58927, 30.90686],
							"uv": {
								"north": {"uv": [11, 18], "uv_size": [2, 2]},
								"east": {"uv": [11.125, 17.75], "uv_size": [2, 2]},
								"south": {"uv": [11, 17.5], "uv_size": [2, 2]},
								"west": {"uv": [11, 17.875], "uv_size": [2, 2]},
								"up": {"uv": [13, 19.75], "uv_size": [-2, -2]},
								"down": {"uv": [13, 19.75], "uv_size": [-2, -2]}
							}
						},
						{
							"origin": [-4.65, 19.5, -0.1],
							"size": [0.2, 1.1, 0.1],
							"pivot": [-4.55, 20.4, 0.3],
							"rotation": [3.68742, 14.369, 0.40212],
							"uv": {
								"north": {"uv": [11, 18], "uv_size": [2, 2]},
								"east": {"uv": [11.125, 17.75], "uv_size": [2, 2]},
								"south": {"uv": [11, 17.5], "uv_size": [2, 2]},
								"west": {"uv": [11, 17.875], "uv_size": [2, 2]},
								"up": {"uv": [13, 19.75], "uv_size": [-2, -2]},
								"down": {"uv": [13, 19.75], "uv_size": [-2, -2]}
							}
						},
						{
							"origin": [-4.5, 16.9117, -0.55285],
							"size": [0.2, 4, 0],
							"pivot": [-4.6, 20.55, -0.7],
							"rotation": [-34.89743, -2.86544, -4.09918],
							"uv": {
								"north": {"uv": [13, 14.1875], "uv_size": [0.2375, 2.6875]},
								"east": {"uv": [0, 0], "uv_size": [0, 4]},
								"south": {"uv": [4.625, 14.125], "uv_size": [0.3, 4]},
								"west": {"uv": [0, 0], "uv_size": [0, 4]},
								"up": {"uv": [0.3, 0], "uv_size": [-0.3, 0]},
								"down": {"uv": [0.3, 0], "uv_size": [-0.3, 0]}
							}
						},
						{
							"origin": [-4.2, 15.91196, -2.56916],
							"size": [0.2, 1.7, 0],
							"pivot": [-4.2, 17.75, -2.7],
							"rotation": [-2.41492, -0.64686, -14.98637],
							"uv": {
								"north": {"uv": [12.625, 14.1875], "uv_size": [0.2375, 2.6875]},
								"east": {"uv": [0, 0], "uv_size": [0, 4]},
								"south": {"uv": [4.625, 14.125], "uv_size": [0.3, 4]},
								"west": {"uv": [0, 0], "uv_size": [0, 4]},
								"up": {"uv": [0.3, 0], "uv_size": [-0.3, 0]},
								"down": {"uv": [0.3, 0], "uv_size": [-0.3, 0]}
							}
						},
						{
							"origin": [-3.7, 13.23227, -2.68051],
							"size": [0.2, 2.75, 0],
							"pivot": [-3.7, 15.85, -2.5],
							"rotation": [-25.15126, 1.69119, 7.65709],
							"uv": {
								"north": {"uv": [13, 14.1875], "uv_size": [0.2375, 2.6875]},
								"east": {"uv": [0, 0], "uv_size": [0, 4]},
								"south": {"uv": [4.625, 14.125], "uv_size": [0.3, 4]},
								"west": {"uv": [0, 0], "uv_size": [0, 4]},
								"up": {"uv": [0.3, 0], "uv_size": [-0.3, 0]},
								"down": {"uv": [0.3, 0], "uv_size": [-0.3, 0]}
							}
						}
					]
				},
				{
					"name": "hairRightSwing",
					"parent": "Hair",
					"pivot": [-1, 23, 0.3],
					"cubes": [
						{
							"origin": [-2.61279, 16.87037, 2.11083],
							"size": [1.5, 6.2, 0.7],
							"pivot": [-2, 23, 3.6],
							"rotation": [14.8369, -5.47408, 1.12804],
							"uv": {
								"north": {"uv": [45, 16], "uv_size": [1.5, 6.25]},
								"east": {"uv": [52, 39], "uv_size": [0.75, 6.25]},
								"south": {"uv": [19, 45], "uv_size": [1.5, 6.25]},
								"west": {"uv": [42, 52], "uv_size": [0.75, 6.25]},
								"up": {"uv": [59, 32], "uv_size": [1.5, 0.75]},
								"down": {"uv": [59, 33.75], "uv_size": [1.5, -0.75]}
							}
						},
						{
							"origin": [-3.11279, 13.07037, 3.61083],
							"size": [1.7, 4.2, 0.7],
							"pivot": [-2.3, 17.2, 5.1],
							"rotation": [19.66536, -6.2278, 2.5374],
							"uv": {
								"north": {"uv": [47, 16], "uv_size": [1.75, 4.25]},
								"east": {"uv": [22, 55], "uv_size": [0.75, 4.25]},
								"south": {"uv": [17, 47], "uv_size": [1.75, 4.25]},
								"west": {"uv": [55, 39], "uv_size": [0.75, 4.25]},
								"up": {"uv": [58, 53], "uv_size": [1.75, 0.75]},
								"down": {"uv": [58, 54.75], "uv_size": [1.75, -0.75]}
							}
						},
						{
							"origin": [-3.41279, 8.77037, 5.01083],
							"size": [1.7, 4.7, 0.7],
							"pivot": [-2.6, 13.4, 6.5],
							"rotation": [19.08102, -7.88736, 7.29016],
							"uv": {
								"north": {"uv": [46, 8], "uv_size": [1.75, 4.75]},
								"east": {"uv": [2, 43], "uv_size": [0.75, 4.75]},
								"south": {"uv": [26, 46], "uv_size": [1.75, 4.75]},
								"west": {"uv": [25, 53], "uv_size": [0.75, 4.75]},
								"up": {"uv": [58, 55], "uv_size": [1.75, 0.75]},
								"down": {"uv": [56, 58.75], "uv_size": [1.75, -0.75]}
							}
						},
						{
							"origin": [-7.51631, 15.98765, 3.33497],
							"size": [2.95, 0.5, 0.45],
							"pivot": [-5.41488, 16.08185, 3.65927],
							"rotation": [131.3418, 13.99029, -52.81681],
							"uv": {
								"north": {"uv": [58, 46], "uv_size": [3, 0.5]},
								"east": {"uv": [44, 60], "uv_size": [0.5, 0.5]},
								"south": {"uv": [58, 47], "uv_size": [3, 0.5]},
								"west": {"uv": [45, 60], "uv_size": [0.5, 0.5]},
								"up": {"uv": [58, 48], "uv_size": [3, 0.5]},
								"down": {"uv": [58, 52.5], "uv_size": [3, -0.5]}
							}
						},
						{
							"origin": [-5.01488, 17.24148, 1.75633],
							"size": [0.85, 2.25, 0.75],
							"pivot": [-4.51488, 19.18185, 1.95927],
							"rotation": [173.03095, -49.77985, -145.72972],
							"uv": {
								"north": {"uv": [41, 57], "uv_size": [0.875, 2.25]},
								"east": {"uv": [58, 14], "uv_size": [0.75, 2.25]},
								"south": {"uv": [45, 57], "uv_size": [0.875, 2.25]},
								"west": {"uv": [58, 17], "uv_size": [0.75, 2.25]},
								"up": {"uv": [4, 60], "uv_size": [0.875, 0.75]},
								"down": {"uv": [5, 60.75], "uv_size": [0.875, -0.75]}
							}
						},
						{
							"origin": [-3.91488, 18.94148, 1.75633],
							"size": [0.85, 3.75, 0.75],
							"pivot": [-3.41488, 22.38185, 1.95927],
							"rotation": [-176.24514, -50.03389, -159.71905],
							"uv": {
								"north": {"uv": [18, 55], "uv_size": [0.875, 3.75]},
								"east": {"uv": [56, 16], "uv_size": [0.75, 3.75]},
								"south": {"uv": [21, 55], "uv_size": [0.875, 3.75]},
								"west": {"uv": [56, 32], "uv_size": [0.75, 3.75]},
								"up": {"uv": [60, 5], "uv_size": [0.875, 0.75]},
								"down": {"uv": [6, 60.75], "uv_size": [0.875, -0.75]}
							}
						},
						{
							"origin": [-7.81631, 17.58765, 1.58497],
							"size": [2.35, 0.5, 0.75],
							"pivot": [-5.71488, 17.68185, 2.20927],
							"rotation": [94.55634, 44.91846, -114.34425],
							"uv": {
								"north": {"uv": [59, 31], "uv_size": [2.375, 0.5]},
								"east": {"uv": [30, 60], "uv_size": [0.75, 0.5]},
								"south": {"uv": [32, 59], "uv_size": [2.375, 0.5]},
								"west": {"uv": [31, 60], "uv_size": [0.75, 0.5]},
								"up": {"uv": [58, 3], "uv_size": [2.375, 0.75]},
								"down": {"uv": [58, 4.75], "uv_size": [2.375, -0.75]}
							}
						},
						{
							"origin": [-6.01631, 20.48765, 0.18497],
							"size": [5.45, 0.6, 0.75],
							"pivot": [-4.31488, 20.68185, 0.80927],
							"rotation": [122.35236, 27.54338, -71.96812],
							"uv": {
								"north": {"uv": [54, 5], "uv_size": [5.5, 0.625]},
								"east": {"uv": [19, 60], "uv_size": [0.75, 0.625]},
								"south": {"uv": [54, 25], "uv_size": [5.5, 0.625]},
								"west": {"uv": [20, 60], "uv_size": [0.75, 0.625]},
								"up": {"uv": [53, 2], "uv_size": [5.5, 0.75]},
								"down": {"uv": [53, 8.75], "uv_size": [5.5, -0.75]}
							}
						}
					]
				},
				{
					"name": "bone4",
					"parent": "hairRightSwing",
					"pivot": [0, 0, 0.3],
					"cubes": [
						{
							"origin": [-3.36488, 17.49148, 1.60633],
							"size": [1.6, 6.5, 0.75],
							"pivot": [-2.86488, 23.68185, 1.80927],
							"rotation": [16.14054, -38.86967, 4.70646],
							"uv": {
								"north": {"uv": [5, 42], "uv_size": [1.625, 6.5]},
								"east": {"uv": [33, 52], "uv_size": [0.75, 6.5]},
								"south": {"uv": [7, 42], "uv_size": [1.625, 6.5]},
								"west": {"uv": [34, 52], "uv_size": [0.75, 6.5]},
								"up": {"uv": [20, 59], "uv_size": [1.625, 0.75]},
								"down": {"uv": [59, 20.75], "uv_size": [1.625, -0.75]}
							}
						},
						{
							"origin": [-4.91488, 11.49148, 3.00633],
							"size": [1.6, 6.5, 0.75],
							"pivot": [-4.41488, 17.68185, 3.20927],
							"rotation": [25.93237, -37.81141, 1.81847],
							"uv": {
								"north": {"uv": [9, 42], "uv_size": [1.625, 6.5]},
								"east": {"uv": [35, 52], "uv_size": [0.75, 6.5]},
								"south": {"uv": [42, 10], "uv_size": [1.625, 6.5]},
								"west": {"uv": [36, 52], "uv_size": [0.75, 6.5]},
								"up": {"uv": [59, 21], "uv_size": [1.625, 0.75]},
								"down": {"uv": [59, 22.75], "uv_size": [1.625, -0.75]}
							}
						},
						{
							"origin": [-6.41488, 9.49148, 4.40633],
							"size": [1.6, 2.7, 0.75],
							"pivot": [-5.91488, 13.68185, 4.60927],
							"rotation": [32.1585, -32.93977, -8.90546],
							"uv": {
								"north": {"uv": [52, 52], "uv_size": [1.625, 2.75]},
								"east": {"uv": [57, 31], "uv_size": [0.75, 2.75]},
								"south": {"uv": [0, 53], "uv_size": [1.625, 2.75]},
								"west": {"uv": [57, 34], "uv_size": [0.75, 2.75]},
								"up": {"uv": [59, 23], "uv_size": [1.625, 0.75]},
								"down": {"uv": [59, 24.75], "uv_size": [1.625, -0.75]}
							}
						}
					]
				},
				{
					"name": "bone3",
					"parent": "hairRightSwing",
					"pivot": [0, 0, 0.3],
					"cubes": [
						{
							"origin": [-3.51279, 16.87037, 2.11083],
							"size": [1.5, 6.2, 0.7],
							"pivot": [-2.9, 23, 3.6],
							"rotation": [14.31911, -6.73333, 5.99458],
							"uv": {
								"north": {"uv": [45, 23], "uv_size": [1.5, 6.25]},
								"east": {"uv": [43, 52], "uv_size": [0.75, 6.25]},
								"south": {"uv": [45, 30], "uv_size": [1.5, 6.25]},
								"west": {"uv": [44, 52], "uv_size": [0.75, 6.25]},
								"up": {"uv": [59, 34], "uv_size": [1.5, 0.75]},
								"down": {"uv": [35, 59.75], "uv_size": [1.5, -0.75]}
							}
						},
						{
							"origin": [-4.31279, 13.07037, 3.61083],
							"size": [1.5, 4.2, 0.7],
							"pivot": [-3.7, 17.2, 5.1],
							"rotation": [18.73625, -8.69763, 9.68022],
							"uv": {
								"north": {"uv": [24, 48], "uv_size": [1.5, 4.25]},
								"east": {"uv": [52, 55], "uv_size": [0.75, 4.25]},
								"south": {"uv": [40, 48], "uv_size": [1.5, 4.25]},
								"west": {"uv": [55, 52], "uv_size": [0.75, 4.25]},
								"up": {"uv": [59, 35], "uv_size": [1.5, 0.75]},
								"down": {"uv": [59, 36.75], "uv_size": [1.5, -0.75]}
							}
						},
						{
							"origin": [-5.11279, 8.97037, 4.76083],
							"size": [1.5, 4.8, 0.7],
							"pivot": [-4.5, 13.7, 6.25],
							"rotation": [20.40842, -2.79378, -6.88517],
							"uv": {
								"north": {"uv": [0, 48], "uv_size": [1.5, 4.75]},
								"east": {"uv": [32, 54], "uv_size": [0.75, 4.75]},
								"south": {"uv": [48, 0], "uv_size": [1.5, 4.75]},
								"west": {"uv": [39, 54], "uv_size": [0.75, 4.75]},
								"up": {"uv": [59, 37], "uv_size": [1.5, 0.75]},
								"down": {"uv": [59, 41.75], "uv_size": [1.5, -0.75]}
							}
						}
					]
				},
				{
					"name": "earzhuiLeft",
					"parent": "hairRightSwing",
					"pivot": [0, 18.3, 0.25],
					"cubes": [
						{
							"origin": [3.1, 21.2, -1.75],
							"size": [0.5, 0.6, 0.6],
							"pivot": [3.2, 21.8, -1.35],
							"rotation": [-18.25612, -8.31087, -23.66235],
							"uv": {
								"north": {"uv": [11, 18], "uv_size": [2, 2]},
								"east": {"uv": [11.125, 17.75], "uv_size": [2, 2]},
								"south": {"uv": [11, 17.5], "uv_size": [2, 2]},
								"west": {"uv": [11, 17.875], "uv_size": [2, 2]},
								"up": {"uv": [13, 19.75], "uv_size": [-2, -2]},
								"down": {"uv": [13, 19.75], "uv_size": [-2, -2]}
							}
						},
						{
							"origin": [3.4, 20.1, -1.75],
							"size": [0.2, 1, 0.1],
							"pivot": [3.2, 20.8, -1.35],
							"rotation": [-2.49524, -9.84655, -28.48124],
							"uv": {
								"north": {"uv": [11, 18], "uv_size": [2, 2]},
								"east": {"uv": [11.125, 17.75], "uv_size": [2, 2]},
								"south": {"uv": [11, 17.5], "uv_size": [2, 2]},
								"west": {"uv": [11, 17.875], "uv_size": [2, 2]},
								"up": {"uv": [13, 19.75], "uv_size": [-2, -2]},
								"down": {"uv": [13, 19.75], "uv_size": [-2, -2]}
							}
						},
						{
							"origin": [3.4, 20, -1.5],
							"size": [0.2, 1.4, 0.1],
							"pivot": [3.2, 21.1, -1.1],
							"rotation": [8.09776, -16.00027, 1.6787],
							"uv": {
								"north": {"uv": [11, 18], "uv_size": [2, 2]},
								"east": {"uv": [11.125, 17.75], "uv_size": [2, 2]},
								"south": {"uv": [11, 17.5], "uv_size": [2, 2]},
								"west": {"uv": [11, 17.875], "uv_size": [2, 2]},
								"up": {"uv": [13, 19.75], "uv_size": [-2, -2]},
								"down": {"uv": [13, 19.75], "uv_size": [-2, -2]}
							}
						},
						{
							"origin": [3.45, 17.28227, -1.88051],
							"size": [0.2, 4, 0],
							"pivot": [3.45, 21.15, -1.7],
							"rotation": [-34.89743, 2.86544, 4.09918],
							"uv": {
								"north": {"uv": [13, 14.1875], "uv_size": [0.2375, 2.6875]},
								"east": {"uv": [0, 0], "uv_size": [0, 4]},
								"south": {"uv": [4.625, 14.125], "uv_size": [0.3, 4]},
								"west": {"uv": [0, 0], "uv_size": [0, 4]},
								"up": {"uv": [0.3, 0], "uv_size": [-0.3, 0]},
								"down": {"uv": [0.3, 0], "uv_size": [-0.3, 0]}
							}
						},
						{
							"origin": [2.65, 13.73227, -4.08051],
							"size": [0.2, 2.75, 0],
							"pivot": [2.65, 16.35, -3.9],
							"rotation": [-24.58897, -5.71617, -8.21888],
							"uv": {
								"north": {"uv": [13, 14.1875], "uv_size": [0.2375, 2.6875]},
								"east": {"uv": [0, 0], "uv_size": [0, 4]},
								"south": {"uv": [4.625, 14.125], "uv_size": [0.3, 4]},
								"west": {"uv": [0, 0], "uv_size": [0, 4]},
								"up": {"uv": [0.3, 0], "uv_size": [-0.3, 0]},
								"down": {"uv": [0.3, 0], "uv_size": [-0.3, 0]}
							}
						},
						{
							"origin": [3.15, 16.41196, -3.96916],
							"size": [0.2, 1.7, 0],
							"pivot": [3.25, 18.25, -4.1],
							"rotation": [-2.41492, 0.64686, 14.98637],
							"uv": {
								"north": {"uv": [12.625, 14.1875], "uv_size": [0.2375, 2.6875]},
								"east": {"uv": [0, 0], "uv_size": [0, 4]},
								"south": {"uv": [4.625, 14.125], "uv_size": [0.3, 4]},
								"west": {"uv": [0, 0], "uv_size": [0, 4]},
								"up": {"uv": [0.3, 0], "uv_size": [-0.3, 0]},
								"down": {"uv": [0.3, 0], "uv_size": [-0.3, 0]}
							}
						}
					]
				},
				{
					"name": "blink",
					"parent": "head",
					"pivot": [0, 18.3, 0.25],
					"cubes": [
						{
							"origin": [-3.25, 20.3, -3.251],
							"size": [6.5, 6, 0],
							"uv": {
								"north": {"uv": [12, 0], "uv_size": [6.5, 6]},
								"east": {"uv": [0, 0], "uv_size": [0, 6]},
								"south": {"uv": [0, 14], "uv_size": [6.5, 6]},
								"west": {"uv": [0, 0], "uv_size": [0, 6]},
								"up": {"uv": [0, 0], "uv_size": [6.5, 0]},
								"down": {"uv": [0, 0], "uv_size": [6.5, 0]}
							}
						}
					]
				},
				{
					"name": "hurtBlink",
					"parent": "head",
					"pivot": [0, 18.3, 0.25],
					"cubes": [
						{
							"origin": [-3.25, 20.3, -3.251],
							"size": [6.5, 6, 0],
							"uv": {
								"north": {"uv": [14, 6.25], "uv_size": [6.4, 6]},
								"east": {"uv": [0, 0], "uv_size": [0, 6]},
								"south": {"uv": [14, 6.375], "uv_size": [6.4, 6]},
								"west": {"uv": [0, 0], "uv_size": [0, 6]},
								"up": {"uv": [6.4, 0], "uv_size": [-6.4, 0]},
								"down": {"uv": [6.4, 0], "uv_size": [-6.4, 0]}
							}
						}
					]
				},
				{
					"name": "armRight",
					"pivot": [-3, 17.5, 0],
					"rotation": [0, 0, 25],
					"cubes": [
						{
							"origin": [-5, 14.2, -1],
							"size": [2, 4.75, 2],
							"pivot": [-4, 18.2, 0],
							"rotation": [0, 0, -7.5],
							"uv": {
								"north": {"uv": [0, 43], "uv_size": [2, 4.75]},
								"east": {"uv": [43, 17], "uv_size": [2, 4.75]},
								"south": {"uv": [43, 22], "uv_size": [2, 4.75]},
								"west": {"uv": [43, 27], "uv_size": [2, 4.75]},
								"up": {"uv": [12, 6], "uv_size": [2, 2]},
								"down": {"uv": [53, 45], "uv_size": [2, -2]}
							}
						},
						{
							"origin": [-4.6, 10.9, -1.2],
							"size": [2, 5.2, 2.4],
							"pivot": [-3.6, 15.6, 0],
							"rotation": [0, 0, -15],
							"uv": {
								"north": {"uv": [44, 11], "uv_size": [2, 4.75]},
								"east": {"uv": [62, 31.25], "uv_size": [2, 4.75]},
								"south": {"uv": [42, 44], "uv_size": [2, 4.75]},
								"west": {"uv": [44, 11], "uv_size": [2, 4.75]},
								"up": {"uv": [54, 17], "uv_size": [2, 2]},
								"down": {"uv": [61.09375, 24.625], "uv_size": [1.78125, -2]}
							}
						},
						{
							"origin": [-4.9, 10.9, -1.1],
							"size": [2, 5.2, 2.2],
							"pivot": [-3.9, 15.6, 0],
							"rotation": [0, 0, 20],
							"uv": {
								"north": {"uv": [44, 11], "uv_size": [2, 4.75]},
								"east": {"uv": [44, 11], "uv_size": [2, 4.75]},
								"south": {"uv": [42, 44], "uv_size": [2, 4.75]},
								"west": {"uv": [44, 39], "uv_size": [2, 4.75]},
								"up": {"uv": [54, 17], "uv_size": [2, 2]},
								"down": {"uv": [61.25, 24.46875], "uv_size": [1.5, -1.84375]}
							}
						},
						{
							"origin": [-4.45, 9.45, -1],
							"size": [2, 4.75, 2],
							"pivot": [-3.7, 13.7, 0],
							"rotation": [0, 0, -4.5],
							"uv": {
								"north": {"uv": [43, 32], "uv_size": [2, 4.75]},
								"east": {"uv": [38, 43], "uv_size": [2, 4.75]},
								"south": {"uv": [40, 43], "uv_size": [2, 4.75]},
								"west": {"uv": [44, 6], "uv_size": [2, 4.75]},
								"up": {"uv": [4, 54], "uv_size": [2, 2]},
								"down": {"uv": [54, 13], "uv_size": [2, -2]}
							}
						}
					]
				},
				{
					"name": "armRightPositioningBone",
					"parent": "armRight",
					"pivot": [-3.25, 10.25, 0]
				},
				{
					"name": "armLeft",
					"pivot": [3, 17.5, 0],
					"rotation": [0, 0, -25],
					"cubes": [
						{
							"origin": [3, 14.3, -1],
							"size": [2, 4.8, 2],
							"pivot": [4, 18.6, 0],
							"rotation": [0, 0, 7.5],
							"uv": {
								"north": {"uv": [44, 11], "uv_size": [2, 4.75]},
								"east": {"uv": [44, 39], "uv_size": [2, 4.75]},
								"south": {"uv": [42, 44], "uv_size": [2, 4.75]},
								"west": {"uv": [44, 44], "uv_size": [2, 4.75]},
								"up": {"uv": [54, 17], "uv_size": [2, 2]},
								"down": {"uv": [54, 21], "uv_size": [2, -2]}
							}
						},
						{
							"origin": [2.8, 10.9, -1.2],
							"size": [2, 5.2, 2.4],
							"pivot": [3.8, 15.6, 0],
							"rotation": [0, 0, -15],
							"uv": {
								"north": {"uv": [44, 11], "uv_size": [2, 4.75]},
								"east": {"uv": [44.125, 44.25], "uv_size": [1.75, 4.5]},
								"south": {"uv": [42, 44], "uv_size": [2, 4.75]},
								"west": {"uv": [44, 11], "uv_size": [2, 4.75]},
								"up": {"uv": [54, 17], "uv_size": [2, 2]},
								"down": {"uv": [61.09375, 24.625], "uv_size": [1.78125, -2]}
							}
						},
						{
							"origin": [2.5, 10.9, -1.1],
							"size": [2, 5.2, 2.2],
							"pivot": [3.5, 15.6, 0],
							"rotation": [0, 0, 20],
							"uv": {
								"north": {"uv": [44, 11], "uv_size": [2, 4.75]},
								"east": {"uv": [44, 11], "uv_size": [2, 4.75]},
								"south": {"uv": [42, 44], "uv_size": [2, 4.75]},
								"west": {"uv": [44.125, 44.25], "uv_size": [1.875, 4.5]},
								"up": {"uv": [54, 17], "uv_size": [2, 2]},
								"down": {"uv": [61.25, 24.46875], "uv_size": [1.5, -1.84375]}
							}
						},
						{
							"origin": [2.45, 9.35, -1],
							"size": [2, 5, 2],
							"pivot": [3.5, 13.6, 0],
							"rotation": [0, 0, 2.5],
							"uv": {
								"north": {"uv": [29, 42], "uv_size": [2, 5]},
								"east": {"uv": [34, 42], "uv_size": [2, 5]},
								"south": {"uv": [36, 42], "uv_size": [2, 5]},
								"west": {"uv": [42, 39], "uv_size": [2, 5]},
								"up": {"uv": [54, 13], "uv_size": [2, 2]},
								"down": {"uv": [54, 17], "uv_size": [2, -2]}
							}
						}
					]
				},
				{
					"name": "armLeftPositioningBone",
					"parent": "armLeft",
					"pivot": [3.25, 10.25, 0]
				},
				{
					"name": "body",
					"pivot": [0, 10.5, -0.4]
				},
				{
					"name": "zReciprocate",
					"parent": "body",
					"pivot": [0, 20, 2.1],
					"cubes": [
						{
							"origin": [-4.35, 3.31327, 1.81814],
							"size": [8.5, 16.75, 0],
							"pivot": [0, 19.95, 1.7],
							"rotation": [12.5, 0, 0],
							"uv": {
								"north": {"uv": [61.375, 14.90625], "uv_size": [2.625, 7.59375]},
								"east": {"uv": [0, 0], "uv_size": [0, 16.75]},
								"south": {"uv": [61.03125, 0.75], "uv_size": [2.59375, 6.5]},
								"west": {"uv": [0, 0], "uv_size": [0, 16.75]},
								"up": {"uv": [8.5, 0], "uv_size": [-8.5, 0]},
								"down": {"uv": [8.5, 0], "uv_size": [-8.5, 0]}
							}
						},
						{
							"origin": [-3.7171, 3.16595, 5.28496],
							"size": [7.35, 0.85, 0.5],
							"pivot": [2.9, 3.95, 3.75],
							"rotation": [13.07424, -1.10912, 0.08889],
							"uv": {
								"north": {"uv": [63.225, 23], "uv_size": [0.775, 4.35]},
								"east": {"uv": [63.275, 22.875], "uv_size": [0.725, 4.35]},
								"south": {"uv": [63.225, 23], "uv_size": [0.775, 4.35]},
								"west": {"uv": [63.15, 22.875], "uv_size": [0.85, 4.6]},
								"up": {"uv": [8.775, 3.1], "uv_size": [-0.65, -0.85]},
								"down": {"uv": [8.9, 2.85], "uv_size": [-0.65, -0.85]}
							}
						},
						{
							"origin": [3.7, 5.35, 2.2],
							"size": [0.65, 14.45, 0.5],
							"pivot": [4.1, 16.85, 3.15],
							"rotation": [13.07424, -1.10912, 0.08889],
							"uv": {
								"north": {"uv": [63.225, 23], "uv_size": [0.775, 4.35]},
								"east": {"uv": [63.275, 22.875], "uv_size": [0.725, 4.35]},
								"south": {"uv": [63.225, 23], "uv_size": [0.775, 4.35]},
								"west": {"uv": [63.15, 22.875], "uv_size": [0.85, 4.6]},
								"up": {"uv": [8.775, 3.1], "uv_size": [-0.65, -0.85]},
								"down": {"uv": [8.9, 2.85], "uv_size": [-0.65, -0.85]}
							}
						},
						{
							"origin": [-4.31706, 5.06477, 4.68867],
							"size": [0.65, 14.45, 0.5],
							"pivot": [-3.9, 5.85, 3.15],
							"rotation": [13.09117, -0.88276, -0.8853],
							"uv": {
								"north": {"uv": [63.225, 23], "uv_size": [0.775, 4.35]},
								"east": {"uv": [63.275, 22.875], "uv_size": [0.725, 4.35]},
								"south": {"uv": [63.225, 23], "uv_size": [0.775, 4.35]},
								"west": {"uv": [63.15, 22.875], "uv_size": [0.85, 4.6]},
								"up": {"uv": [8.775, 3.1], "uv_size": [-0.65, -0.85]},
								"down": {"uv": [8.9, 2.85], "uv_size": [-0.65, -0.85]}
							}
						},
						{
							"origin": [3.48294, 3.96477, 4.98867],
							"size": [0.65, 1.25, 0.5],
							"pivot": [3.9, 4.75, 3.45],
							"rotation": [13.07424, -1.10912, 0.08889],
							"uv": {
								"north": {"uv": [63.225, 23], "uv_size": [0.775, 4.35]},
								"east": {"uv": [63.275, 22.875], "uv_size": [0.725, 4.35]},
								"south": {"uv": [63.225, 23], "uv_size": [0.775, 4.35]},
								"west": {"uv": [63.15, 22.875], "uv_size": [0.85, 4.6]},
								"up": {"uv": [8.775, 3.1], "uv_size": [-0.65, -0.85]},
								"down": {"uv": [8.9, 2.85], "uv_size": [-0.65, -0.85]}
							}
						},
						{
							"origin": [-4.06706, 3.96477, 4.98867],
							"size": [0.65, 1.25, 0.5],
							"pivot": [-3.65, 4.75, 3.45],
							"rotation": [13.07424, -1.10912, 0.08889],
							"uv": {
								"north": {"uv": [63.225, 23], "uv_size": [0.775, 4.35]},
								"east": {"uv": [63.275, 22.875], "uv_size": [0.725, 4.35]},
								"south": {"uv": [63.225, 23], "uv_size": [0.775, 4.35]},
								"west": {"uv": [63.15, 22.875], "uv_size": [0.85, 4.6]},
								"up": {"uv": [8.775, 3.1], "uv_size": [-0.65, -0.85]},
								"down": {"uv": [8.9, 2.85], "uv_size": [-0.65, -0.85]}
							}
						}
					]
				},
				{
					"name": "shenqu",
					"parent": "body",
					"pivot": [0, 0, 0],
					"cubes": [
						{
							"origin": [-1.25, 19.5, -1.25],
							"size": [2.5, 1.75, 2.25],
							"uv": {
								"north": {"uv": [53, 0], "uv_size": [2.5, 1.75]},
								"east": {"uv": [54, 21], "uv_size": [2.25, 1.75]},
								"south": {"uv": [53, 6], "uv_size": [2.5, 1.75]},
								"west": {"uv": [54, 23], "uv_size": [2.25, 1.75]},
								"up": {"uv": [49, 48], "uv_size": [2.5, 2.25]},
								"down": {"uv": [50, 2.25], "uv_size": [2.5, -2.25]}
							}
						},
						{
							"origin": [-3, 16.4, -2.3],
							"size": [3.55, 3.25, 4],
							"pivot": [-1.7, 17.3, 0],
							"rotation": [0, 0, -10],
							"uv": {
								"north": {"uv": [39, 31], "uv_size": [3.5, 3.25]},
								"east": {"uv": [3, 38], "uv_size": [4, 3.25]},
								"south": {"uv": [38, 39], "uv_size": [3.5, 3.25]},
								"west": {"uv": [7, 38], "uv_size": [4, 3.25]},
								"up": {"uv": [36, 0], "uv_size": [3.5, 4]},
								"down": {"uv": [36, 13], "uv_size": [3.5, -4]}
							}
						},
						{
							"origin": [-0.25, 16.4, -2.4],
							"size": [3.3, 3.4, 4.2],
							"pivot": [1.05, 17.3, 0],
							"rotation": [0, 0, 7.5],
							"uv": {
								"north": {"uv": [40, 0], "uv_size": [3.25, 3.375]},
								"east": {"uv": [34, 5], "uv_size": [4.25, 3.375]},
								"south": {"uv": [40, 6], "uv_size": [3.25, 3.375]},
								"west": {"uv": [6, 34], "uv_size": [4.25, 3.375]},
								"up": {"uv": [36, 13], "uv_size": [3.25, 4.25]},
								"down": {"uv": [36, 22.25], "uv_size": [3.25, -4.25]}
							}
						},
						{
							"origin": [-2.6, 11.499, -2.15],
							"size": [5.2, 7.5, 3.75],
							"uv": {
								"north": {"uv": [0, 0], "uv_size": [5.25, 7.5]},
								"east": {"uv": [7, 26], "uv_size": [3.75, 7.5]},
								"south": {"uv": [6, 0], "uv_size": [5.25, 7.5]},
								"west": {"uv": [27, 5], "uv_size": [3.75, 7.5]},
								"up": {"uv": [11, 29], "uv_size": [5.25, 3.75]},
								"down": {"uv": [17, 32.75], "uv_size": [5.25, -3.75]}
							}
						},
						{
							"origin": [-3.15, 11, -2.1],
							"size": [1.55, 3.5, 3.6],
							"pivot": [0.4, 12, -0.4],
							"rotation": [0, 0, 12.5],
							"uv": {
								"north": {"uv": [21, 51], "uv_size": [1.5, 3.5]},
								"east": {"uv": [39, 23], "uv_size": [3.625, 3.5]},
								"south": {"uv": [26, 51], "uv_size": [1.5, 3.5]},
								"west": {"uv": [39, 27], "uv_size": [3.625, 3.5]},
								"up": {"uv": [51, 6], "uv_size": [1.5, 3.625]},
								"down": {"uv": [11, 54.625], "uv_size": [1.5, -3.625]}
							}
						},
						{
							"origin": [1.55, 12.15, -2.1],
							"size": [1.55, 3.9, 3.6],
							"pivot": [5.1, 13.15, -0.4],
							"rotation": [0, 0, -12.5],
							"uv": {
								"north": {"uv": [9, 49], "uv_size": [1.5, 3.875]},
								"east": {"uv": [35, 29], "uv_size": [3.625, 3.875]},
								"south": {"uv": [49, 32], "uv_size": [1.5, 3.875]},
								"west": {"uv": [35, 33], "uv_size": [3.625, 3.875]},
								"up": {"uv": [13, 51], "uv_size": [1.5, 3.625]},
								"down": {"uv": [15, 54.625], "uv_size": [1.5, -3.625]}
							}
						},
						{
							"origin": [0.05, 11.75, 0],
							"size": [2.7, 2.25, 2.25],
							"pivot": [1.3, 11, 1.5],
							"rotation": [14, 0, 0],
							"uv": {
								"north": {"uv": [49, 20], "uv_size": [2.75, 2.25]},
								"east": {"uv": [37, 51], "uv_size": [2.25, 2.25]},
								"south": {"uv": [49, 23], "uv_size": [2.75, 2.25]},
								"west": {"uv": [45, 51], "uv_size": [2.25, 2.25]},
								"up": {"uv": [49, 26], "uv_size": [2.75, 2.25]},
								"down": {"uv": [49, 31.25], "uv_size": [2.75, -2.25]}
							}
						},
						{
							"origin": [-2.7, 11.75, 0],
							"size": [2.7, 2.25, 2.25],
							"pivot": [-1.5, 11, 1.5],
							"rotation": [14, 0, 0],
							"uv": {
								"north": {"uv": [6, 49], "uv_size": [2.75, 2.25]},
								"east": {"uv": [30, 51], "uv_size": [2.25, 2.25]},
								"south": {"uv": [49, 11], "uv_size": [2.75, 2.25]},
								"west": {"uv": [51, 32], "uv_size": [2.25, 2.25]},
								"up": {"uv": [49, 14], "uv_size": [2.75, 2.25]},
								"down": {"uv": [49, 19.25], "uv_size": [2.75, -2.25]}
							}
						},
						{
							"origin": [-1.5, 19.5, -1.8],
							"size": [3, 0.9, 3.3],
							"uv": {
								"north": {"uv": [0, 4.75], "uv_size": [2.375, -3.85]},
								"east": {"uv": [3.75, 4.25], "uv_size": [-0.45, -0.975]},
								"south": {"uv": [1.75, 5.625], "uv_size": [1.125, -0.85]},
								"west": {"uv": [0, 3.375], "uv_size": [1.55, 2.15]},
								"up": {"uv": [1.875, 3.3], "uv_size": [-1.875, -1.925]},
								"down": {"uv": [3, 3.3], "uv_size": [-3, -3.3]}
							}
						},
						{
							"origin": [-3, 15, -2.7],
							"size": [6, 1.25, 4.7],
							"uv": {
								"north": {"uv": [1.375, 0], "uv_size": [3, 1]},
								"east": {"uv": [1.375, 0], "uv_size": [3.125, 1.25]},
								"south": {"uv": [1.375, 0], "uv_size": [3.125, 1]},
								"west": {"uv": [1.375, 0], "uv_size": [3.125, 1]},
								"up": {"uv": [4.625, 1], "uv_size": [-3.375, -1]},
								"down": {"uv": [4.625, 1.25], "uv_size": [-4.625, -1.25]}
							}
						}
					]
				},
				{
					"name": "sittingRotationSkirt",
					"parent": "body",
					"pivot": [0, 11.5, -0.4],
					"cubes": [
						{
							"origin": [-2.55, 3.8, -2.5],
							"size": [5.1, 11.9, 0.1],
							"pivot": [0, 14.4, -3.4],
							"rotation": [-9.99067, -0.43399, 0.03793],
							"uv": {
								"north": {"uv": [0, 0], "uv_size": [1.25, 2.28125]},
								"east": {"uv": [0, 0], "uv_size": [0.725, 3.375]},
								"south": {"uv": [0.125, 14.25], "uv_size": [0.75, 1.625]},
								"west": {"uv": [0, 0], "uv_size": [0.975, 3.5]},
								"up": {"uv": [2, 0.1], "uv_size": [-2, -0.1]},
								"down": {"uv": [2, 0.1], "uv_size": [-2, -0.1]}
							}
						},
						{
							"origin": [-2.30691, 3.64168, 1.78868],
							"size": [4.6, 12, 0.1],
							"pivot": [0, 15.4, 1.7],
							"rotation": [15.00933, -0.43399, 0.03793],
							"uv": {
								"north": {"uv": [6.25, 0.25], "uv_size": [1.375, 3.15625]},
								"east": {"uv": [6.5, 3.625], "uv_size": [0.85, 0.625]},
								"south": {"uv": [7.625, 0], "uv_size": [1.625, 3.25]},
								"west": {"uv": [6.625, 0], "uv_size": [0.85, 0.375]},
								"up": {"uv": [7.625, 0.475], "uv_size": [-1.125, -0.35]},
								"down": {"uv": [2, 0.1], "uv_size": [-2, -0.1]}
							}
						},
						{
							"origin": [0.45104, 3.82393, -2.22621],
							"size": [2.2, 12.3, 0.1],
							"pivot": [1.9, 16, -3.4],
							"rotation": [-9.76758, -2.15393, -9.81594],
							"uv": {
								"north": {"uv": [6.275, 0], "uv_size": [0.8, 2.28125]},
								"east": {"uv": [0, 0], "uv_size": [0.725, 3.375]},
								"south": {"uv": [0.125, 14.25], "uv_size": [0.75, 1.625]},
								"west": {"uv": [0, 0], "uv_size": [0.975, 3.5]},
								"up": {"uv": [2, 0.1], "uv_size": [-2, -0.1]},
								"down": {"uv": [2, 0.1], "uv_size": [-2, -0.1]}
							}
						},
						{
							"origin": [-2.54896, 3.82393, -2.32621],
							"size": [2.2, 12.3, 0.1],
							"pivot": [-1.1, 16, -3.5],
							"rotation": [-9.91615, 1.29876, 9.88733],
							"uv": {
								"north": {"uv": [6.275, 0], "uv_size": [0.8, 2.28125]},
								"east": {"uv": [0, 0], "uv_size": [0.725, 3.375]},
								"south": {"uv": [0.125, 14.25], "uv_size": [0.75, 1.625]},
								"west": {"uv": [0, 0], "uv_size": [0.975, 3.5]},
								"up": {"uv": [2, 0.1], "uv_size": [-2, -0.1]},
								"down": {"uv": [2, 0.1], "uv_size": [-2, -0.1]}
							}
						},
						{
							"origin": [-2.74896, 3.32393, 1.57379],
							"size": [2.9, 12.3, 0.1],
							"pivot": [-0.85, 15.5, 0.4],
							"rotation": [15.08385, 1.29876, 9.88733],
							"uv": {
								"north": {"uv": [6.275, 0], "uv_size": [0.8, 2.28125]},
								"east": {"uv": [0, 0], "uv_size": [0.725, 3.375]},
								"south": {"uv": [0.125, 14.25], "uv_size": [0.75, 1.625]},
								"west": {"uv": [6.375, 2.375], "uv_size": [0.1, 2.25]},
								"up": {"uv": [2, 0.1], "uv_size": [-2, -0.1]},
								"down": {"uv": [2, 0.1], "uv_size": [-2, -0.1]}
							}
						},
						{
							"origin": [-0.14896, 3.32393, 1.57379],
							"size": [2.7, 12.3, 0.1],
							"pivot": [1.55, 15.5, 0.4],
							"rotation": [14.03535, 5.73052, -7.07864],
							"uv": {
								"north": {"uv": [6.275, 0], "uv_size": [0.8, 2.28125]},
								"east": {"uv": [6, 4.5], "uv_size": [0.225, 2.5]},
								"south": {"uv": [0.125, 14.25], "uv_size": [0.75, 1.625]},
								"west": {"uv": [6.375, 0], "uv_size": [0.725, 0.375]},
								"up": {"uv": [8.5, 0.1], "uv_size": [-1, -0.1]},
								"down": {"uv": [2, 0.1], "uv_size": [-2, -0.1]}
							}
						},
						{
							"origin": [-4.64896, 3.22416, 0.41992],
							"size": [3.8, 13.3, 0.1],
							"pivot": [-2.25, 16, 0.2],
							"rotation": [-92, -79, 102.47117],
							"uv": {
								"north": {"uv": [6.275, 0], "uv_size": [0.8, 2.28125]},
								"east": {"uv": [0, 0], "uv_size": [0.725, 3.375]},
								"south": {"uv": [0.125, 14.25], "uv_size": [0.75, 1.625]},
								"west": {"uv": [7.125, 0], "uv_size": [0.475, 2.375]},
								"up": {"uv": [2, 0.1], "uv_size": [-2, -0.1]},
								"down": {"uv": [2, 0.1], "uv_size": [-2, -0.1]}
							}
						},
						{
							"origin": [-4.74896, 3.22416, 0.41992],
							"size": [3.9, 13.3, 0.1],
							"pivot": [-2.35, 16, 0.2],
							"rotation": [91.52285, -75.48855, -80.9664],
							"uv": {
								"north": {"uv": [6.275, 0], "uv_size": [0.8, 2.28125]},
								"east": {"uv": [0, 0], "uv_size": [0.725, 3.375]},
								"south": {"uv": [0.125, 14.25], "uv_size": [0.75, 1.625]},
								"west": {"uv": [7.125, 0], "uv_size": [0.475, 2.375]},
								"up": {"uv": [2, 0.1], "uv_size": [-2, -0.1]},
								"down": {"uv": [2, 0.1], "uv_size": [-2, -0.1]}
							}
						},
						{
							"origin": [0.45104, 3.22416, 0.41992],
							"size": [3.8, 13.3, 0.1],
							"pivot": [2.85, 16, 0.2],
							"rotation": [-112, -79, 102.47117],
							"uv": {
								"north": {"uv": [6.275, 0], "uv_size": [0.8, 2.28125]},
								"east": {"uv": [0, 0], "uv_size": [0.725, 3.375]},
								"south": {"uv": [0.125, 14.25], "uv_size": [0.75, 1.625]},
								"west": {"uv": [7.125, 0], "uv_size": [0.475, 2.375]},
								"up": {"uv": [2, 0.1], "uv_size": [-2, -0.1]},
								"down": {"uv": [2, 0.1], "uv_size": [-2, -0.1]}
							}
						},
						{
							"origin": [0.55104, 3.22416, 0.41992],
							"size": [3.8, 13.3, 0.1],
							"pivot": [2.95, 16, 0.2],
							"rotation": [107.94554, -76.58589, -116.64844],
							"uv": {
								"north": {"uv": [6.275, 0], "uv_size": [0.8, 2.28125]},
								"east": {"uv": [0, 0], "uv_size": [0.725, 3.375]},
								"south": {"uv": [0.125, 14.25], "uv_size": [0.75, 1.625]},
								"west": {"uv": [7.125, 0], "uv_size": [0.475, 2.375]},
								"up": {"uv": [2, 0.1], "uv_size": [-2, -0.1]},
								"down": {"uv": [2, 0.1], "uv_size": [-2, -0.1]}
							}
						},
						{
							"origin": [0.75, 9.5, -2.5],
							"size": [2.25, 5.75, 0],
							"pivot": [2, 15.25, -2.5],
							"rotation": [-12.5, 0, 0],
							"uv": {
								"north": {"uv": [61.75, 8.71875], "uv_size": [2.25, 5.75]},
								"east": {"uv": [0, 0], "uv_size": [0, 5.75]},
								"south": {"uv": [61.75, 14.5], "uv_size": [2.25, 5.75]},
								"west": {"uv": [0, 0], "uv_size": [0, 5.75]},
								"up": {"uv": [2.25, 0], "uv_size": [-2.25, 0]},
								"down": {"uv": [2.25, 0], "uv_size": [-2.25, 0]}
							}
						},
						{
							"origin": [2.89247, 9.86542, -2.62415],
							"size": [0.45, 5.75, 0.35],
							"pivot": [3.05, 14.8, -2.7],
							"rotation": [-14.31218, -2.17806, 0.25575],
							"uv": {
								"north": {"uv": [63.225, 23], "uv_size": [0.775, 4.35]},
								"east": {"uv": [63.275, 22.875], "uv_size": [0.725, 4.35]},
								"south": {"uv": [63.225, 23], "uv_size": [0.775, 4.35]},
								"west": {"uv": [63.15, 22.875], "uv_size": [0.85, 4.6]},
								"up": {"uv": [8.775, 3.1], "uv_size": [-0.65, -0.85]},
								"down": {"uv": [8.9, 2.85], "uv_size": [-0.65, -0.85]}
							}
						}
					]
				},
				{
					"name": "pifeng",
					"parent": "body",
					"pivot": [0, 20, 0],
					"cubes": [
						{
							"origin": [1.2, 15.85, -2.5],
							"size": [2.5, 4.45, 4.65],
							"pivot": [1.9, 18, 0],
							"rotation": [0, 0, 12.5],
							"uv": {
								"north": {"uv": [7.25, 16.25], "uv_size": [1.5, 1.625]},
								"east": {"uv": [0.125, 14.09375], "uv_size": [0.875, 1.5625]},
								"south": {"uv": [10.40625, 16.125], "uv_size": [0.96875, 1.53125]},
								"west": {"uv": [1.875, 14.125], "uv_size": [0.75, 1.625]},
								"up": {"uv": [9.125, 16.1], "uv_size": [1.5, -1.85]},
								"down": {"uv": [1.9375, 15.45625], "uv_size": [-0.6875, -1.26875]}
							}
						},
						{
							"origin": [-4.1, 18.75, -2.5],
							"size": [3.2, 1.45, 4.65],
							"pivot": [-2.7, 17.9, 0],
							"rotation": [0, 0, -12.5],
							"uv": {
								"north": {"uv": [7.25, 16.25], "uv_size": [1.5, 1.625]},
								"east": {"uv": [0.125, 14.09375], "uv_size": [0.875, 1.5625]},
								"south": {"uv": [10.40625, 16.125], "uv_size": [0.96875, 1.53125]},
								"west": {"uv": [1.875, 14.125], "uv_size": [0.75, 1.625]},
								"up": {"uv": [9.125, 16.1], "uv_size": [1.5, -1.85]},
								"down": {"uv": [1.9375, 15.45625], "uv_size": [-0.6875, -1.26875]}
							}
						},
						{
							"origin": [-4.2, 17.75, -2.4],
							"size": [2.55, 1.45, 4.45],
							"pivot": [-2.7, 16.9, 0],
							"rotation": [0, 0, -2.5],
							"uv": {
								"north": {"uv": [7.25, 16.25], "uv_size": [1.5, 1.625]},
								"east": {"uv": [0.125, 14.09375], "uv_size": [0.875, 1.5625]},
								"south": {"uv": [10.40625, 16.125], "uv_size": [0.96875, 1.53125]},
								"west": {"uv": [1.875, 14.125], "uv_size": [0.75, 1.625]},
								"up": {"uv": [2.875, 15.975], "uv_size": [1.5, -1.85]},
								"down": {"uv": [1.9375, 15.45625], "uv_size": [-0.6875, -1.26875]}
							}
						}
					]
				},
				{
					"name": "maoling",
					"parent": "pifeng",
					"pivot": [0, 20, 0],
					"cubes": [
						{
							"origin": [3.4, 15.5, -2.8],
							"size": [0.65, 4.6, 0.85],
							"pivot": [3.8, 19, -1.7],
							"rotation": [3.48671, 0.30486, 12.50928],
							"uv": {
								"north": {"uv": [63.225, 23], "uv_size": [0.775, 4.35]},
								"east": {"uv": [63.275, 22.875], "uv_size": [0.725, 4.35]},
								"south": {"uv": [63.225, 23], "uv_size": [0.775, 4.35]},
								"west": {"uv": [63.15, 22.875], "uv_size": [0.85, 4.6]},
								"up": {"uv": [8.775, 3.1], "uv_size": [-0.65, -0.85]},
								"down": {"uv": [8.9, 2.85], "uv_size": [-0.65, -0.85]}
							}
						},
						{
							"origin": [-4.17471, 18.56195, -2.58337],
							"size": [0.65, 1.7, 0.85],
							"pivot": [-3.7, 16.1, -1.7],
							"rotation": [3.10536, 1.61533, -9.95621],
							"uv": {
								"north": {"uv": [63.225, 23], "uv_size": [0.775, 4.35]},
								"east": {"uv": [63.275, 22.875], "uv_size": [0.725, 4.35]},
								"south": {"uv": [63.225, 23], "uv_size": [0.775, 4.35]},
								"west": {"uv": [63.15, 22.875], "uv_size": [0.85, 4.6]},
								"up": {"uv": [8.775, 3.1], "uv_size": [-0.65, -0.85]},
								"down": {"uv": [8.9, 2.85], "uv_size": [-0.65, -0.85]}
							}
						},
						{
							"origin": [-4.32471, 17.56195, -2.58337],
							"size": [0.4, 1.7, 0.55],
							"pivot": [-4.1, 15.1, -1.7],
							"rotation": [3.2894, 1.19641, -2.46565],
							"uv": {
								"north": {"uv": [63.225, 23], "uv_size": [0.775, 4.35]},
								"east": {"uv": [63.275, 22.875], "uv_size": [0.725, 4.35]},
								"south": {"uv": [63.225, 23], "uv_size": [0.775, 4.35]},
								"west": {"uv": [63.15, 22.875], "uv_size": [0.85, 4.6]},
								"up": {"uv": [8.775, 3.1], "uv_size": [-0.65, -0.85]},
								"down": {"uv": [8.9, 2.85], "uv_size": [-0.65, -0.85]}
							}
						},
						{
							"origin": [3.4, 15.35, 1.3],
							"size": [0.65, 4.6, 1.15],
							"pivot": [3.8, 18.85, 2.4],
							"rotation": [-6.51329, 0.30486, 12.50928],
							"uv": {
								"north": {"uv": [63.225, 23], "uv_size": [0.775, 4.35]},
								"east": {"uv": [63.275, 22.875], "uv_size": [0.725, 4.35]},
								"south": {"uv": [63.225, 23], "uv_size": [0.775, 4.35]},
								"west": {"uv": [63.15, 22.875], "uv_size": [0.85, 4.6]},
								"up": {"uv": [8.775, 3.1], "uv_size": [-0.65, -0.85]},
								"down": {"uv": [8.9, 2.85], "uv_size": [-0.65, -0.85]}
							}
						},
						{
							"origin": [-3.77354, 18.27528, 1.24493],
							"size": [0.65, 1.8, 0.85],
							"pivot": [-3.7, 15.85, 2.4],
							"rotation": [-6.03585, -2.47114, -12.34307],
							"uv": {
								"north": {"uv": [63.225, 23], "uv_size": [0.775, 4.35]},
								"east": {"uv": [63.275, 22.875], "uv_size": [0.725, 4.35]},
								"south": {"uv": [63.225, 23], "uv_size": [0.775, 4.35]},
								"west": {"uv": [63.15, 22.875], "uv_size": [0.85, 4.6]},
								"up": {"uv": [8.775, 3.1], "uv_size": [-0.65, -0.85]},
								"down": {"uv": [8.9, 2.85], "uv_size": [-0.65, -0.85]}
							}
						},
						{
							"origin": [3.4, 19.8, -2.3],
							"size": [0.65, 0.35, 3.85],
							"pivot": [3.8, 19.05, 0.3],
							"rotation": [0.98671, 0.30486, 12.50928],
							"uv": {
								"north": {"uv": [63.225, 23], "uv_size": [0.775, 4.35]},
								"east": {"uv": [63.275, 22.875], "uv_size": [0.725, 4.35]},
								"south": {"uv": [63.225, 23], "uv_size": [0.775, 4.35]},
								"west": {"uv": [63.15, 22.875], "uv_size": [0.85, 4.6]},
								"up": {"uv": [8.775, 3.1], "uv_size": [-0.65, -0.85]},
								"down": {"uv": [8.9, 2.85], "uv_size": [-0.65, -0.85]}
							}
						},
						{
							"origin": [-4.9, 19.7, -2.3],
							"size": [0.65, 0.35, 4.05],
							"pivot": [-4.5, 18.95, 0.3],
							"rotation": [0.9188, 0.47156, 2.51043],
							"uv": {
								"north": {"uv": [63.225, 23], "uv_size": [0.775, 4.35]},
								"east": {"uv": [63.275, 22.875], "uv_size": [0.725, 4.35]},
								"south": {"uv": [63.225, 23], "uv_size": [0.775, 4.35]},
								"west": {"uv": [63.15, 22.875], "uv_size": [0.85, 4.6]},
								"up": {"uv": [8.775, 3.1], "uv_size": [-0.65, -0.85]},
								"down": {"uv": [8.9, 2.85], "uv_size": [-0.65, -0.85]}
							}
						},
						{
							"origin": [3.61127, 19.60664, -3.01582],
							"size": [0.65, 0.65, 1.15],
							"pivot": [3.8, 20.15, -2.1],
							"rotation": [18.48671, 0.30486, 12.50928],
							"uv": {
								"north": {"uv": [63.225, 23], "uv_size": [0.775, 4.35]},
								"east": {"uv": [63.275, 22.875], "uv_size": [0.725, 4.35]},
								"south": {"uv": [63.225, 23], "uv_size": [0.775, 4.35]},
								"west": {"uv": [63.15, 22.875], "uv_size": [0.85, 4.6]},
								"up": {"uv": [8.775, 3.1], "uv_size": [-0.65, -0.85]},
								"down": {"uv": [8.9, 2.85], "uv_size": [-0.65, -0.85]}
							}
						},
						{
							"origin": [3.31127, 18.50664, -2.91582],
							"size": [0.65, 1.15, 0.95],
							"pivot": [3.5, 19.35, -2.1],
							"rotation": [17.59779, 5.76349, -4.14748],
							"uv": {
								"north": {"uv": [63.225, 23], "uv_size": [0.775, 4.35]},
								"east": {"uv": [63.275, 22.875], "uv_size": [0.725, 4.35]},
								"south": {"uv": [63.225, 23], "uv_size": [0.775, 4.35]},
								"west": {"uv": [63.15, 22.875], "uv_size": [0.85, 4.6]},
								"up": {"uv": [8.775, 3.1], "uv_size": [-0.65, -0.85]},
								"down": {"uv": [8.9, 2.85], "uv_size": [-0.65, -0.85]}
							}
						},
						{
							"origin": [2.81127, 15.65664, -2.66582],
							"size": [0.55, 1.25, 0.95],
							"pivot": [3, 16.6, -1.85],
							"rotation": [17.59779, 5.76349, -4.14748],
							"uv": {
								"north": {"uv": [63.225, 23], "uv_size": [0.775, 4.35]},
								"east": {"uv": [63.275, 22.875], "uv_size": [0.725, 4.35]},
								"south": {"uv": [63.225, 23], "uv_size": [0.775, 4.35]},
								"west": {"uv": [63.15, 22.875], "uv_size": [0.85, 4.6]},
								"up": {"uv": [8.775, 3.1], "uv_size": [-0.65, -0.85]},
								"down": {"uv": [8.9, 2.85], "uv_size": [-0.65, -0.85]}
							}
						},
						{
							"origin": [2.91127, 15.65664, 1.13418],
							"size": [0.55, 1.25, 1.15],
							"pivot": [3.1, 16.6, 2.15],
							"rotation": [-19.90221, 5.76349, -4.14748],
							"uv": {
								"north": {"uv": [63.225, 23], "uv_size": [0.775, 4.35]},
								"east": {"uv": [63.275, 22.875], "uv_size": [0.725, 4.35]},
								"south": {"uv": [63.225, 23], "uv_size": [0.775, 4.35]},
								"west": {"uv": [63.15, 22.875], "uv_size": [0.85, 4.6]},
								"up": {"uv": [8.775, 3.1], "uv_size": [-0.65, -0.85]},
								"down": {"uv": [8.9, 2.85], "uv_size": [-0.65, -0.85]}
							}
						},
						{
							"origin": [3.31127, 17.60664, -2.91582],
							"size": [0.65, 1.15, 0.95],
							"pivot": [3.5, 18.45, -2.1],
							"rotation": [17.77327, -5.17934, 29.1493],
							"uv": {
								"north": {"uv": [63.225, 23], "uv_size": [0.775, 4.35]},
								"east": {"uv": [63.275, 22.875], "uv_size": [0.725, 4.35]},
								"south": {"uv": [63.225, 23], "uv_size": [0.775, 4.35]},
								"west": {"uv": [63.15, 22.875], "uv_size": [0.85, 4.6]},
								"up": {"uv": [8.775, 3.1], "uv_size": [-0.65, -0.85]},
								"down": {"uv": [8.9, 2.85], "uv_size": [-0.65, -0.85]}
							}
						},
						{
							"origin": [3.11127, 16.60664, -2.81582],
							"size": [0.65, 1.15, 0.85],
							"pivot": [3.3, 17.45, -2.1],
							"rotation": [17.77327, -5.17934, 29.1493],
							"uv": {
								"north": {"uv": [63.225, 23], "uv_size": [0.775, 4.35]},
								"east": {"uv": [63.275, 22.875], "uv_size": [0.725, 4.35]},
								"south": {"uv": [63.225, 23], "uv_size": [0.775, 4.35]},
								"west": {"uv": [63.15, 22.875], "uv_size": [0.85, 4.6]},
								"up": {"uv": [8.775, 3.1], "uv_size": [-0.65, -0.85]},
								"down": {"uv": [8.9, 2.85], "uv_size": [-0.65, -0.85]}
							}
						},
						{
							"origin": [3.61127, 20.00664, -1.91582],
							"size": [0.65, 0.35, 0.85],
							"pivot": [3.8, 20.25, -1.3],
							"rotation": [18.48671, 0.30486, 12.50928],
							"uv": {
								"north": {"uv": [63.225, 23], "uv_size": [0.775, 4.35]},
								"east": {"uv": [63.275, 22.875], "uv_size": [0.725, 4.35]},
								"south": {"uv": [63.225, 23], "uv_size": [0.775, 4.35]},
								"west": {"uv": [63.15, 22.875], "uv_size": [0.85, 4.6]},
								"up": {"uv": [8.775, 3.1], "uv_size": [-0.65, -0.85]},
								"down": {"uv": [8.9, 2.85], "uv_size": [-0.65, -0.85]}
							}
						},
						{
							"origin": [3.61127, 20.00664, -0.91582],
							"size": [0.65, 0.35, 0.85],
							"pivot": [3.8, 20.25, -0.3],
							"rotation": [18.48671, 0.30486, 12.50928],
							"uv": {
								"north": {"uv": [63.225, 23], "uv_size": [0.775, 4.35]},
								"east": {"uv": [63.275, 22.875], "uv_size": [0.725, 4.35]},
								"south": {"uv": [63.225, 23], "uv_size": [0.775, 4.35]},
								"west": {"uv": [63.15, 22.875], "uv_size": [0.85, 4.6]},
								"up": {"uv": [8.775, 3.1], "uv_size": [-0.65, -0.85]},
								"down": {"uv": [8.9, 2.85], "uv_size": [-0.65, -0.85]}
							}
						},
						{
							"origin": [3.61127, 20.00664, 0.08418],
							"size": [0.65, 0.35, 0.85],
							"pivot": [3.8, 20.25, 0.7],
							"rotation": [18.48671, 0.30486, 12.50928],
							"uv": {
								"north": {"uv": [63.225, 23], "uv_size": [0.775, 4.35]},
								"east": {"uv": [63.275, 22.875], "uv_size": [0.725, 4.35]},
								"south": {"uv": [63.225, 23], "uv_size": [0.775, 4.35]},
								"west": {"uv": [63.15, 22.875], "uv_size": [0.85, 4.6]},
								"up": {"uv": [8.775, 3.1], "uv_size": [-0.65, -0.85]},
								"down": {"uv": [8.9, 2.85], "uv_size": [-0.65, -0.85]}
							}
						},
						{
							"origin": [3.61127, 19.90664, 1.28418],
							"size": [0.65, 0.25, 0.95],
							"pivot": [3.8, 20.05, 1.9],
							"rotation": [13.48671, 0.30486, 12.50928],
							"uv": {
								"north": {"uv": [63.225, 23], "uv_size": [0.775, 4.35]},
								"east": {"uv": [63.275, 22.875], "uv_size": [0.725, 4.35]},
								"south": {"uv": [63.225, 23], "uv_size": [0.775, 4.35]},
								"west": {"uv": [63.15, 22.875], "uv_size": [0.85, 4.6]},
								"up": {"uv": [8.775, 3.1], "uv_size": [-0.65, -0.85]},
								"down": {"uv": [8.9, 2.85], "uv_size": [-0.65, -0.85]}
							}
						}
					]
				},
				{
					"name": "legLeft",
					"pivot": [1.7, 9, 0],
					"cubes": [
						{
							"origin": [0.199, 7, -1.5],
							"size": [2.8, 5, 3],
							"pivot": [-0.3, 3, 0],
							"rotation": [2.49962, -0.04362, 1.99905],
							"uv": {
								"north": {"uv": [23, 36], "uv_size": [2.75, 5]},
								"east": {"uv": [33, 0], "uv_size": [3, 5]},
								"south": {"uv": [36, 23], "uv_size": [2.75, 5]},
								"west": {"uv": [33, 19], "uv_size": [3, 5]},
								"up": {"uv": [46, 13], "uv_size": [2.75, 3]},
								"down": {"uv": [46, 42], "uv_size": [2.75, -3]}
							}
						},
						{
							"origin": [0.45, 0.25, -1.5],
							"size": [2.25, 6.8, 2.5],
							"pivot": [1.45, 3.25, -0.5],
							"rotation": [2.48467, 0.10727, 0.25717],
							"uv": {
								"north": {"uv": [14, 33], "uv_size": [2.25, 6.75]},
								"east": {"uv": [3, 31], "uv_size": [2.5, 6.75]},
								"south": {"uv": [17, 33], "uv_size": [2.25, 6.75]},
								"west": {"uv": [31, 5], "uv_size": [2.5, 6.75]},
								"up": {"uv": [49, 42], "uv_size": [2.25, 2.5]},
								"down": {"uv": [49, 47.5], "uv_size": [2.25, -2.5]}
							}
						}
					]
				},
				{
					"name": "footLeft",
					"parent": "legLeft",
					"pivot": [0, 0, 0],
					"cubes": [
						{
							"origin": [0.4, 0.5, -3],
							"size": [2.25, 1, 3],
							"pivot": [1.4, 0.25, -2],
							"rotation": [20, 0, 0],
							"uv": {
								"north": {"uv": [56, 49], "uv_size": [2.25, 1]},
								"east": {"uv": [55, 30], "uv_size": [3, 1]},
								"south": {"uv": [57, 9], "uv_size": [2.25, 1]},
								"west": {"uv": [55, 44], "uv_size": [3, 1]},
								"up": {"uv": [37, 48], "uv_size": [2.25, 3]},
								"down": {"uv": [46, 51], "uv_size": [2.25, -3]}
							}
						},
						{
							"origin": [0.5, 0, -3],
							"size": [2.05, 1, 4],
							"uv": {
								"north": {"uv": [57, 26], "uv_size": [2, 1]},
								"east": {"uv": [53, 36], "uv_size": [4, 1]},
								"south": {"uv": [57, 27], "uv_size": [2, 1]},
								"west": {"uv": [53, 45], "uv_size": [4, 1]},
								"up": {"uv": [13, 47], "uv_size": [2, 4]},
								"down": {"uv": [15, 51], "uv_size": [2, -4]}
							}
						}
					]
				},
				{
					"name": "legRight",
					"pivot": [-1.6, 9, 0],
					"cubes": [
						{
							"origin": [-2.899, 7, -1.5],
							"size": [2.8, 5, 3],
							"pivot": [0.4, 3, 0],
							"rotation": [2.49962, 0.04362, -1.99905],
							"uv": {
								"north": {"uv": [35, 37], "uv_size": [2.75, 5]},
								"east": {"uv": [20, 33], "uv_size": [3, 5]},
								"south": {"uv": [0, 38], "uv_size": [2.75, 5]},
								"west": {"uv": [33, 24], "uv_size": [3, 5]},
								"up": {"uv": [46, 42], "uv_size": [2.75, 3]},
								"down": {"uv": [46, 48], "uv_size": [2.75, -3]}
							}
						},
						{
							"origin": [-2.6, 0.25, -1.5],
							"size": [2.25, 6.8, 2.5],
							"pivot": [-1.6, 3.25, -0.5],
							"rotation": [2.48467, 0.10727, 0.25717],
							"uv": {
								"north": {"uv": [11, 33], "uv_size": [2.25, 6.75]},
								"east": {"uv": [23, 29], "uv_size": [2.5, 6.75]},
								"south": {"uv": [33, 12], "uv_size": [2.25, 6.75]},
								"west": {"uv": [0, 31], "uv_size": [2.5, 6.75]},
								"up": {"uv": [49, 39], "uv_size": [2.25, 2.5]},
								"down": {"uv": [42, 51.5], "uv_size": [2.25, -2.5]}
							}
						}
					]
				},
				{
					"name": "footRight",
					"parent": "legRight",
					"pivot": [0, 0, 0],
					"cubes": [
						{
							"origin": [-2.5, 0, -3],
							"size": [2.05, 1, 4],
							"uv": {
								"north": {"uv": [31, 12], "uv_size": [2, 1]},
								"east": {"uv": [53, 9], "uv_size": [4, 1]},
								"south": {"uv": [57, 24], "uv_size": [2, 1]},
								"west": {"uv": [53, 31], "uv_size": [4, 1]},
								"up": {"uv": [44, 0], "uv_size": [2, 4]},
								"down": {"uv": [11, 51], "uv_size": [2, -4]}
							}
						},
						{
							"origin": [-2.6, 0.5, -3],
							"size": [2.25, 1, 3],
							"pivot": [-1.6, 0.25, -2],
							"rotation": [20, 0, 0],
							"uv": {
								"north": {"uv": [56, 20], "uv_size": [2.25, 1]},
								"east": {"uv": [36, 4], "uv_size": [3, 1]},
								"south": {"uv": [56, 43], "uv_size": [2.25, 1]},
								"west": {"uv": [36, 28], "uv_size": [3, 1]},
								"up": {"uv": [48, 8], "uv_size": [2.25, 3]},
								"down": {"uv": [21, 51], "uv_size": [2.25, -3]}
							}
						}
					]
				}
			]
		}
	]
}