{
	"format_version": "1.12.0",
	"minecraft:geometry": [
		{
			"description": {
				"identifier": "geometry.model",
				"texture_width": 64,
				"texture_height": 64,
				"visible_bounds_width": 3,
				"visible_bounds_height": 4,
				"visible_bounds_offset": [0, 1, 0]
			},
			"bones": [
				{
					"name": "head",
					"pivot": [0, 20.3, 0.25],
					"cubes": [
						{
							"origin": [-3.25, 20.3, -3.25],
							"size": [6.5, 6, 5.75],
							"uv": {
								"north": {"uv": [5, 5], "uv_size": [6, 6]},
								"east": {"uv": [0, 5], "uv_size": [5, 6]},
								"south": {"uv": [16, 5], "uv_size": [6, 6]},
								"west": {"uv": [11, 5], "uv_size": [5, 6]},
								"up": {"uv": [5, 0], "uv_size": [6, 5]},
								"down": {"uv": [11, 5], "uv_size": [6, -5]}
							}
						},
						{
							"origin": [-2.9, 25.95, -2.9],
							"size": [5.8, 1.6, 5.05],
							"uv": {
								"north": {"uv": [25, 26], "uv_size": [5, 1]},
								"east": {"uv": [20, 26], "uv_size": [5, 1]},
								"south": {"uv": [35, 26], "uv_size": [5, 1]},
								"west": {"uv": [30, 26], "uv_size": [5, 1]},
								"up": {"uv": [25, 21], "uv_size": [5, 5]},
								"down": {"uv": [30, 26], "uv_size": [5, -5]}
							}
						},
						{
							"origin": [-3, 20.95, -3],
							"size": [6, 5.95, 5.75],
							"pivot": [0, 22.45, -0.75],
							"rotation": [-2, 0, 0],
							"uv": {
								"north": {"uv": [5, 16], "uv_size": [6, 5]},
								"east": {"uv": [0, 16], "uv_size": [5, 5]},
								"south": {"uv": [16, 16], "uv_size": [6, 5]},
								"west": {"uv": [11, 16], "uv_size": [5, 5]},
								"up": {"uv": [5, 11], "uv_size": [6, 5]},
								"down": {"uv": [11, 16], "uv_size": [6, -5]}
							}
						}
					]
				},
				{
					"name": "blink",
					"parent": "head",
					"pivot": [0, 18.3, 0.25],
					"cubes": [
						{
							"origin": [-3.25, 20.3, -3.251],
							"size": [6.5, 6, 0],
							"uv": {
								"north": {"uv": [38, 0], "uv_size": [6, 6]},
								"east": {"uv": [38, 0], "uv_size": [0, 6]},
								"south": {"uv": [44, 0], "uv_size": [6, 6]},
								"west": {"uv": [44, 0], "uv_size": [0, 6]},
								"up": {"uv": [38, 0], "uv_size": [6, 0]},
								"down": {"uv": [44, 0], "uv_size": [6, 0]}
							}
						}
					]
				},
				{
					"name": "hairfront",
					"parent": "head",
					"pivot": [0, 25.3, -2.75],
					"cubes": [
						{
							"origin": [-2.40626, 24.31491, -3.65],
							"size": [1.7, 2.85, 1.9],
							"pivot": [-2.1, 26.9, -2.75],
							"rotation": [-10, 0, 7],
							"uv": {
								"north": {"uv": [17, 56], "uv_size": [1, 2]},
								"east": {"uv": [16, 56], "uv_size": [1, 2]},
								"south": {"uv": [19, 56], "uv_size": [1, 2]},
								"west": {"uv": [18, 56], "uv_size": [1, 2]},
								"up": {"uv": [17, 55], "uv_size": [1, 1]},
								"down": {"uv": [18, 56], "uv_size": [1, -1]}
							}
						},
						{
							"origin": [-2.60626, 23.36491, -4.15],
							"size": [1.1, 1.35, 2],
							"pivot": [-2.3, 25.2, -3.15],
							"rotation": [7.5, 0, 7],
							"uv": {
								"north": {"uv": [2, 57], "uv_size": [1, 1]},
								"east": {"uv": [0, 57], "uv_size": [2, 1]},
								"south": {"uv": [5, 57], "uv_size": [1, 1]},
								"west": {"uv": [3, 57], "uv_size": [2, 1]},
								"up": {"uv": [2, 55], "uv_size": [1, 2]},
								"down": {"uv": [3, 57], "uv_size": [1, -2]}
							}
						},
						{
							"origin": [-0.64284, 23.39015, -3.70946],
							"size": [1.1, 3.45, 2],
							"pivot": [0.15, 26.9, -2.75],
							"rotation": [-6.31543, 1.20193, 11.95996],
							"uv": {
								"north": {"uv": [16, 31], "uv_size": [1, 3]},
								"east": {"uv": [14, 31], "uv_size": [2, 3]},
								"south": {"uv": [19, 31], "uv_size": [1, 3]},
								"west": {"uv": [17, 31], "uv_size": [2, 3]},
								"up": {"uv": [16, 29], "uv_size": [1, 2]},
								"down": {"uv": [17, 31], "uv_size": [1, -2]}
							}
						},
						{
							"origin": [0.70716, 25.14015, -3.50946],
							"size": [1, 1.75, 2],
							"pivot": [1.4, 26.9, -2.55],
							"rotation": [1.06058, -0.69405, -15.47613],
							"uv": {
								"north": {"uv": [8, 57], "uv_size": [1, 1]},
								"east": {"uv": [6, 57], "uv_size": [2, 1]},
								"south": {"uv": [11, 57], "uv_size": [1, 1]},
								"west": {"uv": [9, 57], "uv_size": [2, 1]},
								"up": {"uv": [8, 55], "uv_size": [1, 2]},
								"down": {"uv": [9, 57], "uv_size": [1, -2]}
							}
						},
						{
							"origin": [1.50716, 24.64015, -3.50946],
							"size": [1, 2.25, 2],
							"pivot": [2.2, 26.9, -2.55],
							"rotation": [-3.98483, -0.34834, -10.48788],
							"uv": {
								"north": {"uv": [10, 53], "uv_size": [1, 2]},
								"east": {"uv": [8, 53], "uv_size": [2, 2]},
								"south": {"uv": [13, 53], "uv_size": [1, 2]},
								"west": {"uv": [11, 53], "uv_size": [2, 2]},
								"up": {"uv": [10, 51], "uv_size": [1, 2]},
								"down": {"uv": [11, 53], "uv_size": [1, -2]}
							}
						},
						{
							"origin": [-3.80731, 23.36964, -3.71113],
							"size": [1.35, 3.3, 2],
							"pivot": [-2.95, 26.35, -2.75],
							"rotation": [8.59452, 0.86509, 6.9705],
							"uv": {
								"north": {"uv": [36, 18], "uv_size": [1, 3]},
								"east": {"uv": [34, 18], "uv_size": [2, 3]},
								"south": {"uv": [39, 18], "uv_size": [1, 3]},
								"west": {"uv": [37, 18], "uv_size": [2, 3]},
								"up": {"uv": [36, 16], "uv_size": [1, 2]},
								"down": {"uv": [37, 18], "uv_size": [1, -2]}
							}
						},
						{
							"origin": [2.65, 23.35, -3.85],
							"size": [1.1, 3, 2],
							"pivot": [3.15, 24.35, -2.75],
							"rotation": [-4, 0, -5.5],
							"uv": {
								"north": {"uv": [52, 43], "uv_size": [1, 3]},
								"east": {"uv": [50, 43], "uv_size": [2, 3]},
								"south": {"uv": [55, 43], "uv_size": [1, 3]},
								"west": {"uv": [53, 43], "uv_size": [2, 3]},
								"up": {"uv": [52, 41], "uv_size": [1, 2]},
								"down": {"uv": [53, 43], "uv_size": [1, -2]}
							}
						},
						{
							"origin": [-3.95731, 22.36964, -3.36113],
							"size": [1, 2, 1.2],
							"pivot": [-3.45, 24.35, -2.4],
							"rotation": [-4, 0, -5.5],
							"uv": {
								"north": {"uv": [21, 56], "uv_size": [1, 2]},
								"east": {"uv": [20, 56], "uv_size": [1, 2]},
								"south": {"uv": [23, 56], "uv_size": [1, 2]},
								"west": {"uv": [22, 56], "uv_size": [1, 2]},
								"up": {"uv": [21, 55], "uv_size": [1, 1]},
								"down": {"uv": [22, 56], "uv_size": [1, -1]}
							}
						}
					]
				},
				{
					"name": "hairback",
					"parent": "head",
					"pivot": [0, 18.3, 0.25],
					"cubes": [
						{
							"origin": [-3.5, 21.05, -1.75],
							"size": [7, 5.75, 3.75],
							"pivot": [2.5, 23.3, 1.25],
							"rotation": [7.5, 0, 0],
							"uv": {
								"north": {"uv": [3, 24], "uv_size": [7, 5]},
								"east": {"uv": [0, 24], "uv_size": [3, 5]},
								"south": {"uv": [13, 24], "uv_size": [7, 5]},
								"west": {"uv": [10, 24], "uv_size": [3, 5]},
								"up": {"uv": [3, 21], "uv_size": [7, 3]},
								"down": {"uv": [10, 24], "uv_size": [7, -3]}
							}
						},
						{
							"origin": [-0.15, 18.55, 1.95],
							"size": [1.5, 3.5, 1],
							"pivot": [0.35, 20.05, 3.95],
							"rotation": [15, 0, 12.5],
							"uv": {
								"north": {"uv": [13, 56], "uv_size": [1, 3]},
								"east": {"uv": [12, 56], "uv_size": [1, 3]},
								"south": {"uv": [15, 56], "uv_size": [1, 3]},
								"west": {"uv": [14, 56], "uv_size": [1, 3]},
								"up": {"uv": [13, 55], "uv_size": [1, 1]},
								"down": {"uv": [14, 56], "uv_size": [1, -1]}
							}
						},
						{
							"origin": [-1.35, 17.8, 1.85],
							"size": [1.25, 4.25, 1],
							"pivot": [-0.85, 20.05, 3.85],
							"rotation": [7.5, 0, -12.5],
							"uv": {
								"north": {"uv": [31, 35], "uv_size": [1, 4]},
								"east": {"uv": [30, 35], "uv_size": [1, 4]},
								"south": {"uv": [33, 35], "uv_size": [1, 4]},
								"west": {"uv": [32, 35], "uv_size": [1, 4]},
								"up": {"uv": [31, 34], "uv_size": [1, 1]},
								"down": {"uv": [32, 35], "uv_size": [1, -1]}
							}
						},
						{
							"origin": [-2.8, 19.75, 2.85],
							"size": [1.5, 3.5, 0],
							"pivot": [-1.8, 21.25, 3.85],
							"rotation": [13.73457, -10.95774, -8.05713],
							"uv": {
								"north": {"uv": [10.75, 36], "uv_size": [1, 3]},
								"east": {"uv": [12, 36], "uv_size": [0, 3]},
								"south": {"uv": [13, 36], "uv_size": [1, 3]},
								"west": {"uv": [13, 36], "uv_size": [0, 3]},
								"up": {"uv": [12, 36], "uv_size": [1, 0]},
								"down": {"uv": [13, 36], "uv_size": [1, 0]}
							}
						},
						{
							"origin": [-2.02213, 18.63135, 2.69483],
							"size": [1.25, 3.5, 0],
							"pivot": [-1.3, 21.15, 3.85],
							"rotation": [6.24524, -16.38484, 22.86655],
							"uv": {
								"north": {"uv": [10.75, 36], "uv_size": [1, 3]},
								"east": {"uv": [12, 36], "uv_size": [0, 3]},
								"south": {"uv": [13, 36], "uv_size": [1, 3]},
								"west": {"uv": [13, 36], "uv_size": [0, 3]},
								"up": {"uv": [12, 36], "uv_size": [1, 0]},
								"down": {"uv": [13, 36], "uv_size": [1, 0]}
							}
						},
						{
							"origin": [1.1, 20.1, 2.95],
							"size": [1.5, 3, 0],
							"pivot": [1.6, 21.6, 3.95],
							"rotation": [18.81655, 3.88973, 9.27168],
							"uv": {
								"north": {"uv": [38.25, 9.125], "uv_size": [0.5, 0.75]},
								"east": {"uv": [38, 6], "uv_size": [0, 3]},
								"south": {"uv": [39, 6], "uv_size": [1, 3]},
								"west": {"uv": [39, 6], "uv_size": [0, 3]},
								"up": {"uv": [38, 6], "uv_size": [1, 0]},
								"down": {"uv": [39, 6], "uv_size": [1, 0]}
							}
						},
						{
							"origin": [0.64409, 18.91681, 2.81902],
							"size": [1.25, 3, 0],
							"pivot": [1.35, 21.1, 4.05],
							"rotation": [13.01734, 14.23754, -26.24043],
							"uv": {
								"north": {"uv": [38.25, 9.125], "uv_size": [0.5, 0.75]},
								"east": {"uv": [38, 6], "uv_size": [0, 3]},
								"south": {"uv": [39, 6], "uv_size": [1, 3]},
								"west": {"uv": [39, 6], "uv_size": [0, 3]},
								"up": {"uv": [38, 6], "uv_size": [1, 0]},
								"down": {"uv": [39, 6], "uv_size": [1, 0]}
							}
						}
					]
				},
				{
					"name": "armRight",
					"pivot": [-3, 17.5, 0],
					"rotation": [0, 0, 25],
					"cubes": [
						{
							"origin": [-5, 14.2, -1],
							"size": [2, 4.75, 2],
							"pivot": [-4, 18.2, 0],
							"rotation": [0, 0, -7.5],
							"uv": {
								"north": {"uv": [50, 23], "uv_size": [2, 4]},
								"east": {"uv": [48, 23], "uv_size": [2, 4]},
								"south": {"uv": [54, 23], "uv_size": [2, 4]},
								"west": {"uv": [52, 23], "uv_size": [2, 4]},
								"up": {"uv": [50, 21], "uv_size": [2, 2]},
								"down": {"uv": [52, 23], "uv_size": [2, -2]}
							}
						},
						{
							"origin": [-4.45, 9.45, -1],
							"size": [2, 4.75, 2],
							"pivot": [-3.7, 13.7, 0],
							"rotation": [0, 0, -4.5],
							"uv": {
								"north": {"uv": [50, 29], "uv_size": [2, 4]},
								"east": {"uv": [48, 29], "uv_size": [2, 4]},
								"south": {"uv": [54, 29], "uv_size": [2, 4]},
								"west": {"uv": [52, 29], "uv_size": [2, 4]},
								"up": {"uv": [50, 27], "uv_size": [2, 2]},
								"down": {"uv": [52, 29], "uv_size": [2, -2]}
							}
						}
					]
				},
				{
					"name": "xiuzi",
					"parent": "armRight",
					"pivot": [-3, 17.5, 0],
					"cubes": [
						{
							"origin": [-4.75, 12.25, -1.1],
							"size": [1.75, 2.75, 2.2],
							"pivot": [-3.75, 13, 0],
							"rotation": [0, 0, 7.5],
							"uv": {
								"north": {"uv": [16, 53], "uv_size": [1, 2]},
								"east": {"uv": [14, 53], "uv_size": [2, 2]},
								"south": {"uv": [19, 53], "uv_size": [1, 2]},
								"west": {"uv": [17, 53], "uv_size": [2, 2]},
								"up": {"uv": [16, 51], "uv_size": [1, 2]},
								"down": {"uv": [17, 53], "uv_size": [1, -2]}
							}
						},
						{
							"origin": [-4.01947, 12.35856, -1.2],
							"size": [1.75, 2.75, 2.4],
							"pivot": [-3.15, 14.1, 0],
							"rotation": [0, 0, -20],
							"uv": {
								"north": {"uv": [32, 56], "uv_size": [1, 2]},
								"east": {"uv": [30, 56], "uv_size": [2, 2]},
								"south": {"uv": [35, 56], "uv_size": [1, 2]},
								"west": {"uv": [33, 56], "uv_size": [2, 2]},
								"up": {"uv": [32, 54], "uv_size": [1, 2]},
								"down": {"uv": [33, 56], "uv_size": [1, -2]}
							}
						}
					]
				},
				{
					"name": "armRightPositioningBone",
					"parent": "armRight",
					"pivot": [-3.25, 10.25, 0]
				},
				{
					"name": "armLeft",
					"pivot": [3, 17.5, 0],
					"rotation": [0, 0, -25],
					"cubes": [
						{
							"origin": [3, 14.3, -1],
							"size": [2, 4.8, 2],
							"pivot": [4, 18.6, 0],
							"rotation": [0, 0, 7.5],
							"uv": {
								"north": {"uv": [2, 51], "uv_size": [2, 4]},
								"east": {"uv": [0, 51], "uv_size": [2, 4]},
								"south": {"uv": [6, 51], "uv_size": [2, 4]},
								"west": {"uv": [4, 51], "uv_size": [2, 4]},
								"up": {"uv": [2, 49], "uv_size": [2, 2]},
								"down": {"uv": [4, 51], "uv_size": [2, -2]}
							}
						},
						{
							"origin": [2.45, 9.35, -1],
							"size": [2, 5, 2],
							"pivot": [3.5, 13.6, 0],
							"rotation": [0, 0, 2.5],
							"uv": {
								"north": {"uv": [50, 16], "uv_size": [2, 5]},
								"east": {"uv": [48, 16], "uv_size": [2, 5]},
								"south": {"uv": [54, 16], "uv_size": [2, 5]},
								"west": {"uv": [52, 16], "uv_size": [2, 5]},
								"up": {"uv": [50, 14], "uv_size": [2, 2]},
								"down": {"uv": [52, 16], "uv_size": [2, -2]}
							}
						}
					]
				},
				{
					"name": "xiuzi2",
					"parent": "armLeft",
					"pivot": [4, 14.25, 0],
					"cubes": [
						{
							"origin": [2.98053, 12.00856, -1.2],
							"size": [1.75, 2.75, 2.4],
							"pivot": [3.85, 13.75, 0],
							"rotation": [0, 0, -20],
							"uv": {
								"north": {"uv": [56, 51], "uv_size": [1, 2]},
								"east": {"uv": [54, 51], "uv_size": [2, 2]},
								"south": {"uv": [59, 51], "uv_size": [1, 2]},
								"west": {"uv": [57, 51], "uv_size": [2, 2]},
								"up": {"uv": [56, 49], "uv_size": [1, 2]},
								"down": {"uv": [57, 51], "uv_size": [1, -2]}
							}
						},
						{
							"origin": [2.28053, 12.00856, -1.1],
							"size": [1.75, 2.75, 2.2],
							"pivot": [3.15, 13.75, 0],
							"rotation": [0, 0, 15],
							"uv": {
								"north": {"uv": [56, 55], "uv_size": [1, 2]},
								"east": {"uv": [54, 55], "uv_size": [2, 2]},
								"south": {"uv": [59, 55], "uv_size": [1, 2]},
								"west": {"uv": [57, 55], "uv_size": [2, 2]},
								"up": {"uv": [56, 53], "uv_size": [1, 2]},
								"down": {"uv": [57, 55], "uv_size": [1, -2]}
							}
						}
					]
				},
				{
					"name": "armLeftPositioningBone",
					"parent": "armLeft",
					"pivot": [3.25, 10.25, 0]
				},
				{
					"name": "body",
					"pivot": [0, 10.5, -0.4],
					"cubes": [
						{
							"origin": [-2.5, 17.9, -0.1],
							"size": [5, 2.25, 1.5],
							"pivot": [0, 16.9, 0.4],
							"rotation": [-27.5, 0, 0],
							"uv": {
								"north": {"uv": [0, 0], "uv_size": [4.375, 2.25]},
								"east": {"uv": [0, 2.25], "uv_size": [1.5, 2.25]},
								"south": {"uv": [0, 2.25], "uv_size": [4.5, 2.25]},
								"west": {"uv": [0, 0], "uv_size": [1.5, 2.25]},
								"up": {"uv": [4.625, 1.75], "uv_size": [-4.625, -1.75]},
								"down": {"uv": [4.375, 1.5], "uv_size": [-4.375, -1.5]}
							}
						}
					]
				},
				{
					"name": "shenqu",
					"parent": "body",
					"pivot": [0, 0, 0],
					"cubes": [
						{
							"origin": [-1.25, 19.5, -1.25],
							"size": [2.5, 1.75, 2.25],
							"uv": {
								"north": {"uv": [52, 48], "uv_size": [2, 1]},
								"east": {"uv": [50, 48], "uv_size": [2, 1]},
								"south": {"uv": [56, 48], "uv_size": [2, 1]},
								"west": {"uv": [54, 48], "uv_size": [2, 1]},
								"up": {"uv": [52, 46], "uv_size": [2, 2]},
								"down": {"uv": [54, 48], "uv_size": [2, -2]}
							}
						},
						{
							"origin": [-3, 16.4, -2.3],
							"size": [3.55, 3.25, 4],
							"pivot": [-1.7, 17.3, 0],
							"rotation": [0, 0, -10],
							"uv": {
								"north": {"uv": [24, 31], "uv_size": [3, 3]},
								"east": {"uv": [20, 31], "uv_size": [4, 3]},
								"south": {"uv": [31, 31.875], "uv_size": [3, 1.375]},
								"west": {"uv": [27, 31], "uv_size": [4, 3]},
								"up": {"uv": [24.125, 27], "uv_size": [2.875, 3.875]},
								"down": {"uv": [27, 31], "uv_size": [3, -4]}
							}
						},
						{
							"origin": [-2.85, 19, -2.2],
							"size": [3.3, 1.25, 3.8],
							"pivot": [-1.8, 18.9, 0],
							"rotation": [0, 0, 20],
							"uv": {
								"north": {"uv": [24, 31], "uv_size": [1.5, 3]},
								"east": {"uv": [20, 31], "uv_size": [4, 3]},
								"south": {"uv": [31, 31], "uv_size": [3, 3]},
								"west": {"uv": [27, 31], "uv_size": [4, 3]},
								"up": {"uv": [24, 27], "uv_size": [3, 4]},
								"down": {"uv": [27, 31], "uv_size": [3, -4]}
							}
						},
						{
							"origin": [-0.7, 20.1, -2.2],
							"size": [3.85, 1.25, 3.8],
							"pivot": [0.9, 20, 0],
							"rotation": [0, 0, 152.5],
							"uv": {
								"north": {"uv": [23.875, 34.375], "uv_size": [1.625, 2]},
								"east": {"uv": [20, 31], "uv_size": [4, 3]},
								"south": {"uv": [27.25, 32.375], "uv_size": [2.625, 1.5]},
								"west": {"uv": [27, 31], "uv_size": [4, 3]},
								"up": {"uv": [24, 27], "uv_size": [3, 4]},
								"down": {"uv": [27, 31], "uv_size": [3, -4]}
							}
						},
						{
							"origin": [-0.25, 16.4, -2.4],
							"size": [3.3, 3.4, 4.2],
							"pivot": [1.05, 17.3, 0],
							"rotation": [0, 0, 7.5],
							"uv": {
								"north": {"uv": [4, 33], "uv_size": [3, 3]},
								"east": {"uv": [0, 33], "uv_size": [4, 3]},
								"south": {"uv": [11, 33], "uv_size": [3, 3]},
								"west": {"uv": [7, 33], "uv_size": [4, 3]},
								"up": {"uv": [4, 29], "uv_size": [3, 4]},
								"down": {"uv": [7, 33], "uv_size": [3, -4]}
							}
						},
						{
							"origin": [-2.6, 11.499, -2.15],
							"size": [5.2, 7.5, 3.75],
							"uv": {
								"north": {"uv": [25, 3], "uv_size": [5, 7]},
								"east": {"uv": [22, 3], "uv_size": [3, 7]},
								"south": {"uv": [33, 3], "uv_size": [5, 7]},
								"west": {"uv": [30, 3], "uv_size": [3, 7]},
								"up": {"uv": [25, 0], "uv_size": [5, 3]},
								"down": {"uv": [30, 3], "uv_size": [5, -3]}
							}
						},
						{
							"origin": [-3.15, 11, -2.1],
							"size": [1.55, 3.5, 3.6],
							"pivot": [0.4, 12, -0.4],
							"rotation": [0, 0, 12.5],
							"uv": {
								"north": {"uv": [41, 52], "uv_size": [1, 3]},
								"east": {"uv": [38, 52], "uv_size": [3, 3]},
								"south": {"uv": [45, 52], "uv_size": [1, 3]},
								"west": {"uv": [42, 52], "uv_size": [3, 3]},
								"up": {"uv": [41, 49], "uv_size": [1, 3]},
								"down": {"uv": [42, 52], "uv_size": [1, -3]}
							}
						},
						{
							"origin": [1.55, 12.15, -2.1],
							"size": [1.55, 3.9, 3.6],
							"pivot": [5.1, 13.15, -0.4],
							"rotation": [0, 0, -12.5],
							"uv": {
								"north": {"uv": [49, 52], "uv_size": [1, 3]},
								"east": {"uv": [46, 52], "uv_size": [3, 3]},
								"south": {"uv": [53, 52], "uv_size": [1, 3]},
								"west": {"uv": [50, 52], "uv_size": [3, 3]},
								"up": {"uv": [49, 49], "uv_size": [1, 3]},
								"down": {"uv": [50, 52], "uv_size": [1, -3]}
							}
						},
						{
							"origin": [0.05, 11.75, 0],
							"size": [2.7, 2.25, 2.25],
							"pivot": [1.3, 11, 1.5],
							"rotation": [14, 0, 0],
							"uv": {
								"north": {"uv": [32, 52], "uv_size": [2, 2]},
								"east": {"uv": [30, 52], "uv_size": [2, 2]},
								"south": {"uv": [36, 52], "uv_size": [2, 2]},
								"west": {"uv": [34, 52], "uv_size": [2, 2]},
								"up": {"uv": [32, 50], "uv_size": [2, 2]},
								"down": {"uv": [34, 52], "uv_size": [2, -2]}
							}
						},
						{
							"origin": [-2.7, 11.75, 0],
							"size": [2.7, 2.25, 2.25],
							"pivot": [-1.5, 11, 1.5],
							"rotation": [14, 0, 0],
							"uv": {
								"north": {"uv": [52, 39], "uv_size": [2, 2]},
								"east": {"uv": [50, 39], "uv_size": [2, 2]},
								"south": {"uv": [56, 39], "uv_size": [2, 2]},
								"west": {"uv": [54, 39], "uv_size": [2, 2]},
								"up": {"uv": [52, 37], "uv_size": [2, 2]},
								"down": {"uv": [54, 39], "uv_size": [2, -2]}
							}
						}
					]
				},
				{
					"name": "legRight",
					"pivot": [-1.6, 9, 0],
					"cubes": [
						{
							"origin": [-2.899, 7, -1.5],
							"size": [2.8, 5, 3],
							"pivot": [0.4, 3, 0],
							"rotation": [2.49962, 0.04362, -1.99905],
							"uv": {
								"north": {"uv": [43, 39], "uv_size": [2, 5]},
								"east": {"uv": [40, 39], "uv_size": [3, 5]},
								"south": {"uv": [48, 39], "uv_size": [2, 5]},
								"west": {"uv": [45, 39], "uv_size": [3, 5]},
								"up": {"uv": [43, 36], "uv_size": [2, 3]},
								"down": {"uv": [45, 39], "uv_size": [2, -3]}
							}
						},
						{
							"origin": [-2.6, 0.25, -1.5],
							"size": [2.25, 6.8, 2.5],
							"pivot": [-1.6, 3.25, -0.5],
							"rotation": [2.48467, 0.10727, 0.25717],
							"uv": {
								"north": {"uv": [24, 49], "uv_size": [2, 6]},
								"east": {"uv": [22, 49], "uv_size": [2, 6]},
								"south": {"uv": [28, 49], "uv_size": [2, 6]},
								"west": {"uv": [26, 49], "uv_size": [2, 6]},
								"up": {"uv": [24, 47], "uv_size": [2, 2]},
								"down": {"uv": [26, 49], "uv_size": [2, -2]}
							}
						}
					]
				},
				{
					"name": "footRight",
					"parent": "legRight",
					"pivot": [0, 0, 0],
					"cubes": [
						{
							"origin": [-2.5, 0, -3],
							"size": [2.05, 1, 4],
							"uv": {
								"north": {"uv": [26, 20], "uv_size": [2, 1]},
								"east": {"uv": [22, 20], "uv_size": [4, 1]},
								"south": {"uv": [32, 20], "uv_size": [2, 1]},
								"west": {"uv": [28, 20], "uv_size": [4, 1]},
								"up": {"uv": [26, 16], "uv_size": [2, 4]},
								"down": {"uv": [28, 20], "uv_size": [2, -4]}
							}
						},
						{
							"origin": [-2.6, 0.5, -3],
							"size": [2.25, 1, 3],
							"pivot": [-1.6, 0.25, -2],
							"rotation": [20, 0, 0],
							"uv": {
								"north": {"uv": [53, 3], "uv_size": [2, 1]},
								"east": {"uv": [50, 3], "uv_size": [3, 1]},
								"south": {"uv": [58, 3], "uv_size": [2, 1]},
								"west": {"uv": [55, 3], "uv_size": [3, 1]},
								"up": {"uv": [53, 0], "uv_size": [2, 3]},
								"down": {"uv": [55, 3], "uv_size": [2, -3]}
							}
						}
					]
				},
				{
					"name": "legLeft",
					"pivot": [1.7, 9, 0],
					"cubes": [
						{
							"origin": [0.199, 7, -1.5],
							"size": [2.8, 5, 3],
							"pivot": [-0.3, 3, 0],
							"rotation": [2.49962, -0.04362, 1.99905],
							"uv": {
								"north": {"uv": [15, 46], "uv_size": [2, 5]},
								"east": {"uv": [12, 46], "uv_size": [3, 5]},
								"south": {"uv": [20, 46], "uv_size": [2, 5]},
								"west": {"uv": [17, 46], "uv_size": [3, 5]},
								"up": {"uv": [15, 43], "uv_size": [2, 3]},
								"down": {"uv": [17, 46], "uv_size": [2, -3]}
							}
						},
						{
							"origin": [0.45, 0.25, -1.5],
							"size": [2.25, 6.8, 2.5],
							"pivot": [1.45, 3.25, -0.5],
							"rotation": [2.48467, 0.10727, 0.25717],
							"uv": {
								"north": {"uv": [50, 8], "uv_size": [2, 6]},
								"east": {"uv": [48, 8], "uv_size": [2, 6]},
								"south": {"uv": [54, 8], "uv_size": [2, 6]},
								"west": {"uv": [52, 8], "uv_size": [2, 6]},
								"up": {"uv": [50, 6], "uv_size": [2, 2]},
								"down": {"uv": [52, 8], "uv_size": [2, -2]}
							}
						}
					]
				},
				{
					"name": "footLeft",
					"parent": "legLeft",
					"pivot": [0, 0, 0],
					"cubes": [
						{
							"origin": [0.4, 0.5, -3],
							"size": [2.25, 1, 3],
							"pivot": [1.4, 0.25, -2],
							"rotation": [20, 0, 0],
							"uv": {
								"north": {"uv": [53, 36], "uv_size": [2, 1]},
								"east": {"uv": [50, 36], "uv_size": [3, 1]},
								"south": {"uv": [58, 36], "uv_size": [2, 1]},
								"west": {"uv": [55, 36], "uv_size": [3, 1]},
								"up": {"uv": [53, 33], "uv_size": [2, 3]},
								"down": {"uv": [55, 36], "uv_size": [2, -3]}
							}
						},
						{
							"origin": [0.5, 0, -3],
							"size": [2.05, 1, 4],
							"uv": {
								"north": {"uv": [42, 48], "uv_size": [2, 1]},
								"east": {"uv": [38, 48], "uv_size": [4, 1]},
								"south": {"uv": [48, 48], "uv_size": [2, 1]},
								"west": {"uv": [44, 48], "uv_size": [4, 1]},
								"up": {"uv": [42, 44], "uv_size": [2, 4]},
								"down": {"uv": [44, 48], "uv_size": [2, -4]}
							}
						}
					]
				}
			]
		}
	]
}