{
	"format_version": "1.12.0",
	"minecraft:geometry": [
		{
			"description": {
				"identifier": "geometry.model",
				"texture_width": 64,
				"texture_height": 64,
				"visible_bounds_width": 3,
				"visible_bounds_height": 4,
				"visible_bounds_offset": [0, 1, 0]
			},
			"bones": [
				{
					"name": "head",
					"pivot": [0, 20.3, 0.25],
					"cubes": [
						{"origin": [-3.25, 20.3, -3.25], "size": [6.5, 5.75, 5.75], "uv": [0, 0]},
						{
							"origin": [-2.75, 25.8, -2.75],
							"size": [5.5, 1.4, 4.75],
							"uv": {
								"north": {"uv": [20, 14], "uv_size": [5, 0]},
								"east": {"uv": [20.125, 13], "uv_size": [4, 1]},
								"south": {"uv": [20.125, 12.75], "uv_size": [4.875, 1.125]},
								"west": {"uv": [20, 13.875], "uv_size": [4, -0.75]},
								"up": {"uv": [20, 10], "uv_size": [5, 4]},
								"down": {"uv": [25, 14], "uv_size": [5, -4]}
							}
						},
						{
							"origin": [-2.85, 25.8, -2.75],
							"size": [5.7, 0.65, 5.05],
							"uv": {
								"north": {"uv": [20, 14], "uv_size": [5, 0]},
								"east": {"uv": [20.125, 13], "uv_size": [4, 1]},
								"south": {"uv": [20.125, 12.75], "uv_size": [4.875, 1.125]},
								"west": {"uv": [20, 13.875], "uv_size": [4, -0.75]},
								"up": {"uv": [20, 10], "uv_size": [5, 4]},
								"down": {"uv": [25, 14], "uv_size": [5, -4]}
							}
						}
					]
				},
				{
					"name": "blink",
					"parent": "head",
					"pivot": [0, 18.3, 0.25],
					"cubes": [
						{
							"origin": [-3.25, 20.3, -3.251],
							"size": [6.5, 5.75, 0],
							"uv": {
								"north": {"uv": [30, 14], "uv_size": [6, 5]},
								"east": {"uv": [30, 14], "uv_size": [0, 5]},
								"south": {"uv": [36, 14], "uv_size": [6, 5]},
								"west": {"uv": [36, 14], "uv_size": [0, 5]},
								"up": {"uv": [30, 14], "uv_size": [6, 0]},
								"down": {"uv": [36, 14], "uv_size": [6, 0]}
							}
						}
					]
				},
				{
					"name": "hairfront",
					"parent": "head",
					"pivot": [0, 25.05, -2.75],
					"cubes": [
						{"origin": [-1.75, 26.95, -3.75], "size": [1.4, 1.9, 1.5], "pivot": [-0.85, 26.85, -2.75], "rotation": [0, 0, -150], "uv": [10, 27]},
						{
							"origin": [-2.65, 25.35, -3.65],
							"size": [0.75, 1.5, 1.4],
							"pivot": [-1.65, 25.35, -2.75],
							"rotation": [0, 0, 170],
							"uv": {
								"north": {"uv": [23, 38], "uv_size": [1, 1]},
								"east": {"uv": [22, 38], "uv_size": [1, 1]},
								"south": {"uv": [23.875, 38], "uv_size": [-0.125, 1]},
								"west": {"uv": [23, 38], "uv_size": [1, 1]},
								"up": {"uv": [24, 38], "uv_size": [-1, 1]},
								"down": {"uv": [23, 38], "uv_size": [0, -1]}
							}
						},
						{
							"origin": [-1, 25.65, -3.65],
							"size": [0.75, 1.5, 1.4],
							"pivot": [0.25, 25.65, -2.75],
							"rotation": [0, 0, -165],
							"uv": {
								"north": {"uv": [23, 40], "uv_size": [1, 1]},
								"east": {"uv": [22, 40], "uv_size": [1, 1]},
								"south": {"uv": [23.875, 40], "uv_size": [-0.125, 1]},
								"west": {"uv": [23, 40], "uv_size": [1, 1]},
								"up": {"uv": [24, 40], "uv_size": [-1, 1]},
								"down": {"uv": [23, 40], "uv_size": [0, -1]}
							}
						},
						{"origin": [-1.9, 26.1, -3.75], "size": [1.4, 2.1, 1.5], "pivot": [-0.15, 26.2, -2.75], "rotation": [0, 0, 150], "uv": [30, 19]},
						{"origin": [0.9, 23.8, -3.55], "size": [1.6, 3.5, 1.9], "pivot": [1.75, 25.55, -2.65], "rotation": [0, 0, -22.5], "uv": [8, 48]},
						{"origin": [2, 22.8, -3.6], "size": [1.25, 3.95, 1.95], "pivot": [2.5, 25.55, -2.65], "rotation": [0, 0, -22.5], "uv": [20, 48]},
						{"origin": [-2.5, 23.8, -3.55], "size": [1.6, 3.5, 1.9], "pivot": [-2, 25.55, -2.65], "rotation": [0, 0, 27.5], "uv": [12, 48]},
						{"origin": [-3.25, 22.8, -3.65], "size": [1.5, 3.95, 2], "pivot": [-2.75, 25.3, -2.65], "rotation": [0, 0, 27.5], "uv": [44, 36]},
						{
							"origin": [-3.4, 20.8, -3.75],
							"size": [0.9, 3.5, 1.5],
							"pivot": [-3, 22.05, -2.5],
							"rotation": [-12.37739, -1.93597, -7.24721],
							"uv": {
								"north": {"uv": [25, 49], "uv_size": [0, 3]},
								"east": {"uv": [24, 49], "uv_size": [1, 3]},
								"south": {"uv": [26, 49], "uv_size": [0, 3]},
								"west": {"uv": [25, 49], "uv_size": [1, 3]},
								"up": {"uv": [25, 48], "uv_size": [0, 1]},
								"down": {"uv": [27, 49], "uv_size": [-0.875, -1]}
							}
						},
						{
							"origin": [2.5, 20.8, -3.75],
							"size": [0.9, 3.5, 1.5],
							"pivot": [2.75, 22.05, -2.5],
							"rotation": [-12.37739, 1.93597, 7.24721],
							"uv": {
								"north": {"uv": [30, 50], "uv_size": [0, 3]},
								"east": {"uv": [29, 50], "uv_size": [1, 3]},
								"south": {"uv": [31, 50], "uv_size": [0, 3]},
								"west": {"uv": [30, 50], "uv_size": [1, 3]},
								"up": {"uv": [30, 49], "uv_size": [0, 1]},
								"down": {"uv": [30, 50], "uv_size": [0, -1]}
							}
						},
						{"origin": [3, 22.55, -1.9], "size": [1, 4.25, 1], "pivot": [4, 24.05, -1.9], "rotation": [0, 0, -35], "uv": [34, 47]},
						{"origin": [-4.1, 22.05, -1.9], "size": [1, 4.25, 1], "pivot": [-3.1, 23.55, -1.9], "rotation": [0, 0, 37.5], "uv": [38, 47]},
						{"origin": [-3.6, 19.05, -2.5], "size": [1, 4.25, 1], "pivot": [-3.6, 20.8, -1], "rotation": [-10, 0, -7.5], "uv": [42, 47]},
						{"origin": [2.65, 19.05, -2.5], "size": [1, 4.45, 1], "pivot": [2.9, 20.8, -1], "rotation": [-9.54589, 2.99318, 9.75002], "uv": [46, 47]},
						{
							"origin": [-3.39365, 16.11756, -2.74742],
							"size": [0.75, 4.25, 0.7],
							"pivot": [-2.95, 19.3, -1.5],
							"rotation": [-9.85108, 1.72794, 2.35108],
							"uv": {
								"north": {"uv": [0, 5], "uv_size": [4.5, 1.875]},
								"east": {"uv": [0.625, 5], "uv_size": [0.375, 4]},
								"south": {"uv": [0.625, 5], "uv_size": [0.375, 4]},
								"west": {"uv": [0.625, 5], "uv_size": [0.375, 4]},
								"up": {"uv": [1, 5], "uv_size": [-0.375, 0]},
								"down": {"uv": [5.75, 1.375], "uv_size": [-0.625, -0.625]}
							}
						},
						{
							"origin": [2.70635, 16.11756, -2.74742],
							"size": [0.75, 4.25, 0.7],
							"pivot": [3.15, 19.3, -1.5],
							"rotation": [-9.96271, 0.86717, -2.57558],
							"uv": {
								"north": {"uv": [0.125, 4.875], "uv_size": [0.5, 1.875]},
								"east": {"uv": [6, 0], "uv_size": [0.375, 4.125]},
								"south": {"uv": [6, 0], "uv_size": [0, 4]},
								"west": {"uv": [6, 0], "uv_size": [0, 4]},
								"up": {"uv": [6, 0], "uv_size": [0, 0]},
								"down": {"uv": [6, 0.5], "uv_size": [-0.375, -0.5]}
							}
						}
					]
				},
				{
					"name": "hairBack",
					"parent": "head",
					"pivot": [0, 21.3, 2],
					"cubes": [
						{
							"origin": [-2, 14.05, 2.5],
							"size": [2.25, 8, 0.5],
							"pivot": [-1.25, 20.05, 2],
							"rotation": [12.5205, -5.96276, 3.79923],
							"uv": {
								"north": {"uv": [30, 41], "uv_size": [2, 8]},
								"east": {"uv": [30, 41.125], "uv_size": [0.25, 7.875]},
								"south": {"uv": [32, 41.125], "uv_size": [2, 7.875]},
								"west": {"uv": [32, 41], "uv_size": [0, 8]},
								"up": {"uv": [30, 42], "uv_size": [2, -0.875]},
								"down": {"uv": [32, 41.875], "uv_size": [2, -0.875]}
							}
						},
						{"origin": [-3, 14.8, 2.45], "size": [1.25, 7.25, 0.25], "pivot": [-2.75, 20.05, 2.2], "rotation": [12.25386, -6.49913, 6.25554], "uv": [22, 30]},
						{
							"origin": [1.75, 14.7, 2.45],
							"size": [1.25, 7.25, 0.25],
							"pivot": [2, 19.95, 2.2],
							"rotation": [13.75173, 11.44404, -4.8848],
							"uv": {
								"north": {"uv": [8, 35], "uv_size": [1, 7]},
								"east": {"uv": [8, 35], "uv_size": [0, 7]},
								"south": {"uv": [9, 35], "uv_size": [0.96875, 7]},
								"west": {"uv": [9, 35], "uv_size": [0, 7]},
								"up": {"uv": [8, 35.5], "uv_size": [1, -0.5]},
								"down": {"uv": [9, 35.75], "uv_size": [1, -0.75]}
							}
						},
						{
							"origin": [-0.5, 14.05, 2.5],
							"size": [2.25, 8, 0.5],
							"pivot": [0.75, 20.05, 2],
							"rotation": [12.5205, 5.96276, -3.79923],
							"uv": {
								"north": {"uv": [16, 42], "uv_size": [2, 8]},
								"east": {"uv": [16.125, 42], "uv_size": [0.25, 7.875]},
								"south": {"uv": [18, 42.125], "uv_size": [2, 7.875]},
								"west": {"uv": [18, 42], "uv_size": [0, 8]},
								"up": {"uv": [16, 42.5], "uv_size": [2, -0.375]},
								"down": {"uv": [18, 42.875], "uv_size": [2, -0.875]}
							}
						},
						{
							"origin": [-1.80398, 20.57185, 0.73805],
							"size": [0.1, 4.75, 1.65],
							"pivot": [-2.5, 24.55, 1.5],
							"rotation": [19.53502, -34.72898, 13.09559],
							"uv": {
								"north": {"uv": [21, 43], "uv_size": [0, 4]},
								"east": {"uv": [20, 43], "uv_size": [1, 4]},
								"south": {"uv": [21.375, 43.125], "uv_size": [0.375, 3.75]},
								"west": {"uv": [21, 43], "uv_size": [1, 4]},
								"up": {"uv": [21, 42], "uv_size": [0, 1]},
								"down": {"uv": [21, 43], "uv_size": [0, -1]}
							}
						},
						{"origin": [2.29602, 20.57185, 1.38805], "size": [0.1, 4.75, 1.5], "pivot": [2, 24.55, 2], "rotation": [19.55446, 27.64134, -6.71377], "uv": [32, 49]}
					]
				},
				{
					"name": "helmet",
					"parent": "head",
					"pivot": [0, 0.2, -0.1],
					"cubes": [
						{"origin": [-2.85, 21.35, -3.9], "size": [5.75, 3.25, 0.5], "uv": [0, 60]},
						{"origin": [-1.75, 24.6, -3.8], "size": [1.25, 1.05, 0.4], "uv": [2, 59]},
						{
							"origin": [-1.1, 25.35, -3.8],
							"size": [0.45, 1.9, 0.3],
							"pivot": [0.1, 24.25, -4.4],
							"rotation": [0, 0, 5],
							"uv": {
								"north": {"uv": [3, 58], "uv_size": [0.125, 1]},
								"east": {"uv": [3, 58], "uv_size": [0, 1]},
								"south": {"uv": [3, 58], "uv_size": [0, 1]},
								"west": {"uv": [3, 58], "uv_size": [0, 1]},
								"up": {"uv": [3, 58], "uv_size": [0, 0]},
								"down": {"uv": [3, 58], "uv_size": [0, 0]}
							}
						},
						{
							"origin": [0.65, 25.45, -3.7],
							"size": [0.45, 1.9, 0.2],
							"pivot": [1.85, 24.35, -4.4],
							"rotation": [0, 0, -2.5],
							"uv": {
								"north": {"uv": [7, 58], "uv_size": [0.125, 1]},
								"east": {"uv": [7, 58], "uv_size": [0, 1]},
								"south": {"uv": [7, 58], "uv_size": [0, 1]},
								"west": {"uv": [7, 58], "uv_size": [0, 1]},
								"up": {"uv": [7, 58], "uv_size": [0, 0]},
								"down": {"uv": [7, 58], "uv_size": [0, 0]}
							}
						},
						{
							"origin": [-1.95, 24.3, -3.7],
							"size": [0.6, 3.2, 0.3],
							"pivot": [-1.75, 25.3, -4.4],
							"rotation": [0, 0, 32.5],
							"uv": {
								"north": {"uv": [4, 57], "uv_size": [0.125, 3]},
								"east": {"uv": [4, 57], "uv_size": [0, 3]},
								"south": {"uv": [4, 57], "uv_size": [0, 3]},
								"west": {"uv": [4, 57], "uv_size": [0, 3]},
								"up": {"uv": [4, 57], "uv_size": [0, 0]},
								"down": {"uv": [4, 57], "uv_size": [0, 0]}
							}
						},
						{
							"origin": [1.4, 24, -3.6],
							"size": [0.6, 3.2, 0.2],
							"pivot": [1.6, 25, -4.4],
							"rotation": [0, 0, -27],
							"uv": {
								"north": {"uv": [6, 57], "uv_size": [-0.125, 3]},
								"east": {"uv": [6, 57], "uv_size": [0, 3]},
								"south": {"uv": [6, 57], "uv_size": [0, 3]},
								"west": {"uv": [6, 57], "uv_size": [0, 3]},
								"up": {"uv": [6, 57], "uv_size": [0, 0]},
								"down": {"uv": [6, 57], "uv_size": [0, 0]}
							}
						},
						{"origin": [0.55, 24.6, -3.8], "size": [1.05, 1.05, 0.4], "uv": [6, 59]},
						{"origin": [-2.35, 20.25, -3.9], "size": [4.75, 1.1, 0.5], "uv": [1, 63]}
					]
				},
				{
					"name": "armRight",
					"pivot": [-3, 17.5, 0],
					"rotation": [0, 0, 25],
					"cubes": [
						{"origin": [-5, 14.2, -1], "size": [2, 4.75, 2], "pivot": [-4, 18.2, 0], "rotation": [0, 0, -7.5], "uv": [8, 42]},
						{"origin": [-4.45, 9.45, -1], "size": [2, 4.75, 2], "pivot": [-3.7, 13.7, 0], "rotation": [0, 0, -4.5], "uv": [42, 10]}
					]
				},
				{
					"name": "bone2",
					"parent": "armRight",
					"pivot": [-3.7, 13.7, 0],
					"cubes": [
						{"origin": [-4.7, 10.7, -1.2], "size": [2.6, 1.5, 2.4], "uv": [42, 44]}
					]
				},
				{
					"name": "armRightPositioningBone",
					"parent": "armRight",
					"pivot": [-3.25, 10.25, 0]
				},
				{
					"name": "armLeft",
					"pivot": [3, 17.5, 0],
					"rotation": [0, 0, -25],
					"cubes": [
						{"origin": [3, 14.3, -1], "size": [2, 4.8, 2], "pivot": [4, 18.6, 0], "rotation": [0, 0, 7.5], "uv": [42, 16]},
						{"origin": [2.45, 9.35, -1], "size": [2, 5, 2], "pivot": [3.5, 13.6, 0], "rotation": [0, 0, 2.5], "uv": [22, 41]}
					]
				},
				{
					"name": "bone",
					"parent": "armLeft",
					"pivot": [3.5, 13.6, 0],
					"cubes": [
						{"origin": [2.25, 10.6, -1.25], "size": [2.5, 1.5, 2.5], "uv": [44, 41]}
					]
				},
				{
					"name": "armLeftPositioningBone",
					"parent": "armLeft",
					"pivot": [3.25, 10.25, 0]
				},
				{
					"name": "body",
					"pivot": [0, 10.5, -0.4],
					"cubes": [
						{"origin": [-2.9, 13, -2.4], "size": [2, 2, 2], "pivot": [-1.9, 13, -1.4], "rotation": [0, 0, -4], "uv": [44, 32]}
					]
				},
				{
					"name": "shenqu",
					"parent": "body",
					"pivot": [0, 0, 0],
					"cubes": [
						{"origin": [-1.25, 19.5, -1.25], "size": [2.5, 1.75, 2.25], "uv": [34, 44]},
						{"origin": [-3, 16.4, -2.3], "size": [3.55, 3.25, 4], "pivot": [-1.7, 17.3, 0], "rotation": [0, 0, -10], "uv": [16, 14]},
						{"origin": [-0.25, 16.4, -2.4], "size": [3.3, 3.4, 4.2], "pivot": [1.05, 17.3, 0], "rotation": [0, 0, 7.5], "uv": [0, 20]},
						{"origin": [-2.6, 11.499, -2.15], "size": [5.2, 7.5, 3.75], "uv": [0, 10]},
						{"origin": [-3.15, 11, -2.1], "size": [1.55, 3.5, 3.6], "pivot": [0.4, 12, -0.4], "rotation": [0, 0, 12.5], "uv": [42, 22]},
						{"origin": [1.55, 12.15, -2.1], "size": [1.55, 3.9, 3.6], "pivot": [5.1, 13.15, -0.4], "rotation": [0, 0, -12.5], "uv": [0, 44]},
						{"origin": [0.05, 11.75, 0], "size": [2.7, 2.25, 2.25], "pivot": [1.3, 11, 1.5], "rotation": [14, 0, 0], "uv": [34, 10]},
						{"origin": [-2.7, 11.75, 0], "size": [2.7, 2.25, 2.25], "pivot": [-1.5, 11, 1.5], "rotation": [14, 0, 0], "uv": [44, 28]}
					]
				},
				{
					"name": "zhuangshi",
					"parent": "body",
					"pivot": [0, 16.5, -2.65],
					"cubes": [
						{
							"origin": [-0.9, 18.25, -2.5],
							"size": [0.25, 2.25, 1.35],
							"pivot": [0, 19.25, -1.4],
							"rotation": [0, 0, -35],
							"uv": {
								"north": {"uv": [17.5, 11.25], "uv_size": [0.875, 5.125]},
								"east": {"uv": [18.25, 14], "uv_size": [0.625, 2.125]},
								"south": {"uv": [18.875, 10.5], "uv_size": [0.375, 2.25]},
								"west": {"uv": [18, 13.125], "uv_size": [0.25, 2.25]},
								"up": {"uv": [19.375, 15.125], "uv_size": [-0.625, -2.125]},
								"down": {"uv": [0, 0], "uv_size": [0, 0]}
							}
						},
						{
							"origin": [0.25, 16.9, -2.5],
							"size": [0.25, 2, 0.35],
							"pivot": [1.15, 17.9, -1.4],
							"rotation": [0, 0, -47.5],
							"uv": {
								"north": {"uv": [18.5, 13.75], "uv_size": [0.625, 2.5]},
								"east": {"uv": [0, 0], "uv_size": [0, 2]},
								"south": {"uv": [0, 0], "uv_size": [0, 2]},
								"west": {"uv": [17.75, 14.5], "uv_size": [0.75, 2]},
								"up": {"uv": [0, 0], "uv_size": [0, 0]},
								"down": {"uv": [0, 0], "uv_size": [0, 0]}
							}
						}
					]
				},
				{
					"name": "bone3",
					"parent": "zhuangshi",
					"pivot": [0.2, 18.2, -2.35],
					"rotation": [0, 0, -32.5],
					"cubes": [
						{
							"origin": [-0.25, 19.05, -2.6],
							"size": [0.65, 0.3, 0.05],
							"pivot": [0, 18.3, -2.35],
							"rotation": [0, 0, 7.5],
							"uv": {
								"north": {"uv": [18.25, 11.75], "uv_size": [0.5, 1]},
								"east": {"uv": [0, 0], "uv_size": [0, 0]},
								"south": {"uv": [0, 0], "uv_size": [0, 0]},
								"west": {"uv": [0, 0], "uv_size": [0, 0]},
								"up": {"uv": [18.875, 14.75], "uv_size": [-0.375, -1.875]},
								"down": {"uv": [18, 13.25], "uv_size": [-0.375, -1.875]}
							}
						},
						{
							"origin": [-0.7, 19.05, -2.6],
							"size": [0.65, 0.3, 0.05],
							"pivot": [0.05, 19.3, -2.35],
							"rotation": [0, 0, -10],
							"uv": {
								"north": {"uv": [17.75, 10.75], "uv_size": [0.875, 1.125]},
								"east": {"uv": [18.125, 11], "uv_size": [0.5, 2]},
								"south": {"uv": [0, 0], "uv_size": [0, 0]},
								"west": {"uv": [0, 0], "uv_size": [0, 0]},
								"up": {"uv": [18.75, 12.75], "uv_size": [-0.5, -1.875]},
								"down": {"uv": [18.875, 16.25], "uv_size": [-0.5, -1.875]}
							}
						},
						{
							"origin": [-0.05, 19.05, -2.5],
							"size": [0.55, 0.3, 0],
							"pivot": [-0.15, 19.3, -2.35],
							"rotation": [0, 0, 27.5],
							"uv": {
								"north": {"uv": [18.5, 12.875], "uv_size": [0.625, 0.75]},
								"east": {"uv": [0, 0], "uv_size": [0, 0]},
								"south": {"uv": [0, 0], "uv_size": [0, 0]},
								"west": {"uv": [0, 0], "uv_size": [0, 0]},
								"up": {"uv": [0, 0], "uv_size": [0, 0]},
								"down": {"uv": [0, 0], "uv_size": [0, 0]}
							}
						},
						{
							"origin": [-0.60894, 18.89088, -2.5],
							"size": [0.45, 0.3, 0],
							"pivot": [-0.15, 19.15, -2.35],
							"rotation": [0, 0, -20],
							"uv": {
								"north": {"uv": [0, 0], "uv_size": [0.625, 0.75]},
								"east": {"uv": [0, 0], "uv_size": [0, 0]},
								"south": {"uv": [17.625, 12.75], "uv_size": [0.5, 0.625]},
								"west": {"uv": [0, 0], "uv_size": [0, 0]},
								"up": {"uv": [0, 0], "uv_size": [0, 0]},
								"down": {"uv": [0, 0], "uv_size": [0, 0]}
							}
						}
					]
				},
				{
					"name": "bone4",
					"parent": "bone3",
					"pivot": [0.6, 17.35, -2.35],
					"rotation": [0, 0, -25],
					"cubes": [
						{
							"origin": [0.15, 18.2, -2.6],
							"size": [0.65, 0.3, 0.05],
							"pivot": [0.4, 17.45, -2.35],
							"rotation": [0, 0, 7.5],
							"uv": {
								"north": {"uv": [18.875, 12.125], "uv_size": [0, 0]},
								"east": {"uv": [0, 0], "uv_size": [0, 0]},
								"south": {"uv": [0, 0], "uv_size": [0, 0]},
								"west": {"uv": [18.125, 12.375], "uv_size": [0.5, 1]},
								"up": {"uv": [18.5, 13], "uv_size": [-0.75, -1]},
								"down": {"uv": [18.75, 13.25], "uv_size": [-0.875, -1.25]}
							}
						},
						{
							"origin": [-0.3, 18.2, -2.6],
							"size": [0.65, 0.3, 0.05],
							"pivot": [0.45, 18.45, -2.35],
							"rotation": [0, 0, -10],
							"uv": {
								"north": {"uv": [18.125, 11.125], "uv_size": [0.5, 1.875]},
								"east": {"uv": [17.875, 12.25], "uv_size": [0.75, 1]},
								"south": {"uv": [0, 0], "uv_size": [0, 0]},
								"west": {"uv": [0, 0], "uv_size": [0, 0]},
								"up": {"uv": [18.125, 12.125], "uv_size": [-0.625, -1.125]},
								"down": {"uv": [0, 0], "uv_size": [0, 0]}
							}
						},
						{
							"origin": [0.35, 18.2, -2.5],
							"size": [0.55, 0.3, 0],
							"pivot": [0.25, 18.45, -2.35],
							"rotation": [0, 0, 27.5],
							"uv": {
								"north": {"uv": [0, 0], "uv_size": [0, 0]},
								"east": {"uv": [0, 0], "uv_size": [0, 0]},
								"south": {"uv": [18, 12.75], "uv_size": [0.75, 0.75]},
								"west": {"uv": [0, 0], "uv_size": [0, 0]},
								"up": {"uv": [0, 0], "uv_size": [0, 0]},
								"down": {"uv": [0, 0], "uv_size": [0, 0]}
							}
						},
						{
							"origin": [-0.20894, 18.04088, -2.5],
							"size": [0.45, 0.3, 0],
							"pivot": [0.25, 18.3, -2.35],
							"rotation": [0, 0, -20],
							"uv": {
								"north": {"uv": [0, 0], "uv_size": [0.875, 1]},
								"east": {"uv": [0, 0], "uv_size": [0, 0]},
								"south": {"uv": [18.125, 14], "uv_size": [0.5, 0.625]},
								"west": {"uv": [0, 0], "uv_size": [0, 0]},
								"up": {"uv": [0, 0], "uv_size": [0, 0]},
								"down": {"uv": [0, 0], "uv_size": [0, 0]}
							}
						}
					]
				},
				{
					"name": "bone5",
					"parent": "bone4",
					"pivot": [0.6, 16.6, -2.35],
					"rotation": [0, 0, -17.5],
					"cubes": [
						{
							"origin": [0.15, 17.45, -2.6],
							"size": [0.65, 0.3, 0.05],
							"pivot": [0.4, 16.7, -2.35],
							"rotation": [0, 0, 7.5],
							"uv": {
								"north": {"uv": [17.25, 11.75], "uv_size": [0.625, 0.875]},
								"east": {"uv": [0, 0], "uv_size": [0, 0]},
								"south": {"uv": [0, 0], "uv_size": [0, 0]},
								"west": {"uv": [0, 0], "uv_size": [0, 0]},
								"up": {"uv": [0, 0], "uv_size": [0, 0]},
								"down": {"uv": [0, 0], "uv_size": [0, 0]}
							}
						},
						{
							"origin": [-0.3, 17.45, -2.6],
							"size": [0.65, 0.3, 0.05],
							"pivot": [0.45, 17.7, -2.35],
							"rotation": [0, 0, -10],
							"uv": {
								"north": {"uv": [17.625, 11.5], "uv_size": [0.625, 2.5]},
								"east": {"uv": [0, 0], "uv_size": [0, 0]},
								"south": {"uv": [0, 0], "uv_size": [0, 0]},
								"west": {"uv": [0, 0], "uv_size": [0, 0]},
								"up": {"uv": [0, 0], "uv_size": [0, 0]},
								"down": {"uv": [0, 0], "uv_size": [0, 0]}
							}
						},
						{
							"origin": [0.35, 17.45, -2.5],
							"size": [0.55, 0.3, 0],
							"pivot": [0.25, 17.7, -2.35],
							"rotation": [0, 0, 27.5],
							"uv": {
								"north": {"uv": [0, 0], "uv_size": [0, 0]},
								"east": {"uv": [0, 0], "uv_size": [0, 0]},
								"south": {"uv": [17.375, 12], "uv_size": [0.75, 0.75]},
								"west": {"uv": [0, 0], "uv_size": [0, 0]},
								"up": {"uv": [0, 0], "uv_size": [0, 0]},
								"down": {"uv": [0, 0], "uv_size": [0, 0]}
							}
						},
						{
							"origin": [-0.20894, 17.29088, -2.5],
							"size": [0.45, 0.3, 0],
							"pivot": [0.25, 17.55, -2.35],
							"rotation": [0, 0, -20],
							"uv": {
								"north": {"uv": [0, 0], "uv_size": [0, 0]},
								"east": {"uv": [0, 0], "uv_size": [0, 0]},
								"south": {"uv": [17.875, 12.25], "uv_size": [0.5, 0.625]},
								"west": {"uv": [0, 0], "uv_size": [0, 0]},
								"up": {"uv": [0, 0], "uv_size": [0, 0]},
								"down": {"uv": [0, 0], "uv_size": [0, 0]}
							}
						}
					]
				},
				{
					"name": "sittingRotationSkirt",
					"parent": "body",
					"pivot": [0, 11.5, -0.4],
					"cubes": [
						{
							"origin": [-2.9, 4.56815, -2.18236],
							"size": [5.4, 9, 0],
							"pivot": [0, 13.5, -1.7],
							"rotation": [-14.65993, 3.21132, 12.08681],
							"uv": {
								"north": {"uv": [14, 21], "uv_size": [5, 9]},
								"east": {"uv": [14, 21], "uv_size": [0, 9]},
								"south": {"uv": [11.5, 29.75], "uv_size": [2.125, 2.375]},
								"west": {"uv": [19, 21], "uv_size": [0, 9]},
								"up": {"uv": [14, 21], "uv_size": [5, 0]},
								"down": {"uv": [19, 21], "uv_size": [5, 0]}
							}
						},
						{
							"origin": [-1.5, 4.56815, -2.18236],
							"size": [4.4, 9, 0],
							"pivot": [0.5, 13.5, -1.7],
							"rotation": [-11.98206, -1.42053, -15.13723],
							"uv": {
								"north": {"uv": [34, 19], "uv_size": [4, 9]},
								"east": {"uv": [34, 19], "uv_size": [0, 9]},
								"south": {"uv": [33.125, 29.625], "uv_size": [1.25, 1.125]},
								"west": {"uv": [38, 19], "uv_size": [0, 9]},
								"up": {"uv": [34, 19], "uv_size": [4, 0]},
								"down": {"uv": [38, 19], "uv_size": [4, 0]}
							}
						},
						{
							"origin": [-2.8, 4.96815, 1.71764],
							"size": [5.2, 9.25, 0],
							"pivot": [0, 13.9, 2.2],
							"rotation": [14.63783, -0.79256, 12.71938],
							"uv": {
								"north": {"uv": [32.5, 5.5], "uv_size": [2.375, 3.25]},
								"east": {"uv": [22, 0], "uv_size": [0, 9]},
								"south": {"uv": [27, 0], "uv_size": [5, 9]},
								"west": {"uv": [27, 0], "uv_size": [0, 9]},
								"up": {"uv": [22, 0], "uv_size": [5, 0]},
								"down": {"uv": [27, 0], "uv_size": [5, 0]}
							}
						},
						{
							"origin": [-1.5, 4.96815, 1.71764],
							"size": [4.4, 9.25, 0],
							"pivot": [0.5, 13.9, 2.2],
							"rotation": [17.0663, 6.26094, -13.88084],
							"uv": {
								"north": {"uv": [1.25, 44.625], "uv_size": [0.625, 1.75]},
								"east": {"uv": [0, 35], "uv_size": [0, 9]},
								"south": {"uv": [4, 35], "uv_size": [4, 9]},
								"west": {"uv": [4, 35], "uv_size": [0, 9]},
								"up": {"uv": [0, 35], "uv_size": [4, 0]},
								"down": {"uv": [4, 35], "uv_size": [4, 0]}
							}
						},
						{
							"origin": [-3.4, 4.75, -2.6],
							"size": [0, 9.05, 3.2],
							"pivot": [-2.4, 11.8, -0.4],
							"rotation": [-13.49208, -0.4668, 13.05522],
							"uv": {
								"north": {"uv": [27, 32], "uv_size": [0, 9]},
								"east": {"uv": [24, 32], "uv_size": [3, 9]},
								"south": {"uv": [30, 32], "uv_size": [0, 9]},
								"west": {"uv": [28.375, 29.75], "uv_size": [1, 1.625]},
								"up": {"uv": [27, 29], "uv_size": [0, 3]},
								"down": {"uv": [27, 32], "uv_size": [0, -3]}
							}
						},
						{
							"origin": [3.35, 5.25, -2.6],
							"size": [0, 9.55, 3.2],
							"pivot": [4.35, 12.55, -0.4],
							"rotation": [-11.07159, 0.7225, -15.29942],
							"uv": {
								"north": {"uv": [19, 33], "uv_size": [0, 9]},
								"east": {"uv": [15.625, 31], "uv_size": [0.75, 1.125]},
								"south": {"uv": [22, 33], "uv_size": [0, 9]},
								"west": {"uv": [19, 33], "uv_size": [3, 9]},
								"up": {"uv": [19, 30], "uv_size": [0, 3]},
								"down": {"uv": [19, 33], "uv_size": [0, -3]}
							}
						},
						{
							"origin": [2.72232, 5.35551, -1.73607],
							"size": [0, 9.55, 3.2],
							"pivot": [4.25, 14.55, 0.1],
							"rotation": [15.94876, 3.14891, -14.69692],
							"uv": {
								"north": {"uv": [33, 32], "uv_size": [0, 9]},
								"east": {"uv": [30, 29.875], "uv_size": [1.25, 1]},
								"south": {"uv": [36, 32], "uv_size": [0, 9]},
								"west": {"uv": [33, 32], "uv_size": [3, 9]},
								"up": {"uv": [33, 29], "uv_size": [0, 3]},
								"down": {"uv": [33, 32], "uv_size": [0, -3]}
							}
						},
						{
							"origin": [-2.84824, 5.1046, -1.54902],
							"size": [0, 9.05, 3.3],
							"pivot": [-2.3, 14.05, 0.2],
							"rotation": [14.00792, -0.4668, 13.05522],
							"uv": {
								"north": {"uv": [13, 33], "uv_size": [0, 9]},
								"east": {"uv": [10, 33], "uv_size": [3, 9]},
								"south": {"uv": [16, 33], "uv_size": [0, 9]},
								"west": {"uv": [11, 30.625], "uv_size": [0.625, 0.75]},
								"up": {"uv": [13, 30], "uv_size": [0, 3]},
								"down": {"uv": [13, 33], "uv_size": [0, -3]}
							}
						}
					]
				},
				{
					"name": "legLeft",
					"pivot": [1.7, 9, 0],
					"cubes": [
						{"origin": [0.199, 7, -1.5], "size": [2.8, 5, 3], "pivot": [-0.3, 3, 0], "rotation": [2.49962, -0.04362, 1.99905], "uv": [24, 21]},
						{"origin": [0.45, 0.25, -1.5], "size": [2.25, 6.8, 2.5], "pivot": [1.45, 3.25, -0.5], "rotation": [2.48467, 0.10727, 0.25717], "uv": [36, 28]}
					]
				},
				{
					"name": "footLeft",
					"parent": "legLeft",
					"pivot": [0, 0, 0],
					"cubes": [
						{"origin": [0.4, 0.5, -3], "size": [2.25, 1, 3], "pivot": [1.4, 0.25, -2], "rotation": [20, 0, 0], "uv": [44, 0]},
						{"origin": [0.5, 0, -3], "size": [2.05, 1, 4], "uv": [32, 0]}
					]
				},
				{
					"name": "legRight",
					"pivot": [-1.6, 9, 0],
					"cubes": [
						{"origin": [-2.899, 7, -1.5], "size": [2.8, 5, 3], "pivot": [0.4, 3, 0], "rotation": [2.49962, 0.04362, -1.99905], "uv": [0, 27]},
						{"origin": [-2.6, 0.25, -1.5], "size": [2.25, 6.8, 2.5], "pivot": [-1.6, 3.25, -0.5], "rotation": [2.48467, 0.10727, 0.25717], "uv": [36, 36]}
					]
				},
				{
					"name": "footRight",
					"parent": "legRight",
					"pivot": [0, 0, 0],
					"cubes": [
						{"origin": [-2.5, 0, -3], "size": [2.05, 1, 4], "uv": [32, 5]},
						{"origin": [-2.6, 0.5, -3], "size": [2.25, 1, 3], "pivot": [-1.6, 0.25, -2], "rotation": [20, 0, 0], "uv": [44, 4]}
					]
				}
			]
		}
	]
}