{
	"format_version": "1.12.0",
	"minecraft:geometry": [
		{
			"description": {
				"identifier": "geometry.model",
				"texture_width": 64,
				"texture_height": 64,
				"visible_bounds_width": 3,
				"visible_bounds_height": 5,
				"visible_bounds_offset": [0, 1.5, 0]
			},
			"bones": [
				{
					"name": "head",
					"pivot": [0, 20.3, 0.25],
					"cubes": [
						{
							"origin": [-3.25, 20.3, -3.25],
							"size": [6.5, 6, 5.75],
							"uv": {
								"north": {"uv": [5, 5], "uv_size": [6, 6]},
								"east": {"uv": [0, 5], "uv_size": [5, 6]},
								"south": {"uv": [16, 5], "uv_size": [6, 6]},
								"west": {"uv": [11, 5], "uv_size": [5, 6]},
								"up": {"uv": [5, 0], "uv_size": [6, 5]},
								"down": {"uv": [11, 5], "uv_size": [6, -5]}
							}
						},
						{
							"origin": [-3.4, 21.3, -3],
							"size": [6.8, 6, 5.6],
							"pivot": [0, 25, 0],
							"rotation": [5, 0, 0],
							"uv": {
								"north": {"uv": [5, 16], "uv_size": [6, 6]},
								"east": {"uv": [0, 16], "uv_size": [5, 6]},
								"south": {"uv": [16, 16], "uv_size": [6, 6]},
								"west": {"uv": [11, 16], "uv_size": [5, 6]},
								"up": {"uv": [5, 11], "uv_size": [6, 5]},
								"down": {"uv": [11, 16], "uv_size": [6, -5]}
							}
						},
						{
							"origin": [-3.35, 20.55, -0.45],
							"size": [6.7, 7, 3.35],
							"pivot": [0, 24, -0.2],
							"rotation": [3.5, 0, 0],
							"uv": {
								"north": {"uv": [5, 27], "uv_size": [5, 6]},
								"east": {"uv": [0, 27], "uv_size": [5, 6]},
								"south": {"uv": [15, 27], "uv_size": [5, 6]},
								"west": {"uv": [10, 27], "uv_size": [5, 6]},
								"up": {"uv": [5, 22], "uv_size": [5, 5]},
								"down": {"uv": [10, 27], "uv_size": [5, -5]}
							}
						}
					]
				},
				{
					"name": "blink",
					"parent": "head",
					"pivot": [0, 18.3, 0.25],
					"cubes": [
						{
							"origin": [-3.25, 20.3, -3.251],
							"size": [6.5, 6, 0],
							"uv": {
								"north": {"uv": [36, 28], "uv_size": [6, 6]},
								"east": {"uv": [36, 28], "uv_size": [0, 6]},
								"south": {"uv": [42, 28], "uv_size": [6, 6]},
								"west": {"uv": [42, 28], "uv_size": [0, 6]},
								"up": {"uv": [36, 28], "uv_size": [6, 0]},
								"down": {"uv": [42, 28], "uv_size": [6, 0]}
							}
						}
					]
				},
				{
					"name": "hairfront",
					"parent": "head",
					"pivot": [0.15, 27.8, -2.75],
					"rotation": [-7.5, 0, 0],
					"cubes": [
						{
							"origin": [1.4, 25.05, -3.35],
							"size": [1.5, 3.5, 2],
							"pivot": [2.65, 26.3, -2.35],
							"rotation": [0, 0, -55],
							"uv": {
								"north": {"uv": [56, 8], "uv_size": [1, 3]},
								"east": {"uv": [54, 8], "uv_size": [2, 3]},
								"south": {"uv": [59, 8], "uv_size": [1, 3]},
								"west": {"uv": [57, 8], "uv_size": [2, 3]},
								"up": {"uv": [56, 6], "uv_size": [1, 2]},
								"down": {"uv": [57, 8], "uv_size": [1, -2]}
							}
						},
						{
							"origin": [-2.4, 26.4, -3.35],
							"size": [1.5, 3.75, 2],
							"pivot": [-1.15, 27.15, -2.35],
							"rotation": [0, 0, -122.5],
							"uv": {
								"north": {"uv": [56, 13], "uv_size": [1, 3]},
								"east": {"uv": [54, 13], "uv_size": [2, 3]},
								"south": {"uv": [59, 13], "uv_size": [1, 3]},
								"west": {"uv": [57, 13], "uv_size": [2, 3]},
								"up": {"uv": [56, 11], "uv_size": [1, 2]},
								"down": {"uv": [57, 13], "uv_size": [1, -2]}
							}
						},
						{
							"origin": [3.15, 22.8, -3.35],
							"size": [1, 3.75, 2.1],
							"pivot": [2.65, 26.55, -2.25],
							"rotation": [5.54401, -5.05904, 14.75489],
							"uv": {
								"north": {"uv": [56, 34], "uv_size": [1, 3]},
								"east": {"uv": [54, 34], "uv_size": [2, 3]},
								"south": {"uv": [59, 34], "uv_size": [1, 3]},
								"west": {"uv": [57, 34], "uv_size": [2, 3]},
								"up": {"uv": [56, 32], "uv_size": [1, 2]},
								"down": {"uv": [57, 34], "uv_size": [1, -2]}
							}
						},
						{
							"origin": [-4.1, 22.55, -3.35],
							"size": [1.25, 3.75, 2.1],
							"pivot": [-4.1, 26.3, -2.25],
							"rotation": [7.24721, -1.93597, -12.62261],
							"uv": {
								"north": {"uv": [36, 56], "uv_size": [1, 3]},
								"east": {"uv": [34, 56], "uv_size": [2, 3]},
								"south": {"uv": [39, 56], "uv_size": [1, 3]},
								"west": {"uv": [37, 56], "uv_size": [2, 3]},
								"up": {"uv": [36, 54], "uv_size": [1, 2]},
								"down": {"uv": [37, 56], "uv_size": [1, -2]}
							}
						},
						{
							"origin": [-3.1, 23.05, -3.25],
							"size": [1, 2.25, 2],
							"uv": {
								"north": {"uv": [6, 57], "uv_size": [1, 2]},
								"east": {"uv": [4, 57], "uv_size": [2, 2]},
								"south": {"uv": [9, 57], "uv_size": [1, 2]},
								"west": {"uv": [7, 57], "uv_size": [2, 2]},
								"up": {"uv": [6, 55], "uv_size": [1, 2]},
								"down": {"uv": [7, 57], "uv_size": [1, -2]}
							}
						},
						{
							"origin": [-4.1, 21.05, -2.75],
							"size": [1.25, 4.25, 1],
							"pivot": [-3.1, 22.8, -1.75],
							"rotation": [0, 0, 7.5],
							"uv": {
								"north": {"uv": [11, 56], "uv_size": [1, 3]},
								"east": {"uv": [10, 56], "uv_size": [1, 3]},
								"south": {"uv": [13, 56], "uv_size": [1, 3]},
								"west": {"uv": [12, 56], "uv_size": [1, 3]},
								"up": {"uv": [11, 55], "uv_size": [1, 1]},
								"down": {"uv": [12, 56], "uv_size": [1, -1]}
							}
						},
						{
							"origin": [2.61105, 21.06711, -2.75],
							"size": [1.25, 4.25, 1],
							"pivot": [3.6, 24.8, -1.75],
							"rotation": [0, 0, -10],
							"uv": {
								"north": {"uv": [47, 56], "uv_size": [1, 3]},
								"east": {"uv": [46, 56], "uv_size": [1, 3]},
								"south": {"uv": [49, 56], "uv_size": [1, 3]},
								"west": {"uv": [48, 56], "uv_size": [1, 3]},
								"up": {"uv": [47, 55], "uv_size": [1, 1]},
								"down": {"uv": [48, 56], "uv_size": [1, -1]}
							}
						},
						{
							"origin": [2.4, 23.05, -3.25],
							"size": [1, 2.25, 2],
							"uv": {
								"north": {"uv": [20, 57], "uv_size": [1, 2]},
								"east": {"uv": [18, 57], "uv_size": [2, 2]},
								"south": {"uv": [23, 57], "uv_size": [1, 2]},
								"west": {"uv": [21, 57], "uv_size": [2, 2]},
								"up": {"uv": [20, 55], "uv_size": [1, 2]},
								"down": {"uv": [21, 57], "uv_size": [1, -2]}
							}
						}
					]
				},
				{
					"name": "hairback",
					"parent": "head",
					"pivot": [0.05, 27.8, 2.5],
					"rotation": [45, 0, 0],
					"cubes": [
						{
							"origin": [-0.4, 26.3, 2.25],
							"size": [1.85, 2.1, 2.25],
							"pivot": [0.6, 26.05, 2.25],
							"rotation": [0, -42, 0],
							"uv": {
								"north": {"uv": [56, 39], "uv_size": [1, 2]},
								"east": {"uv": [54, 39], "uv_size": [2, 2]},
								"south": {"uv": [59, 39], "uv_size": [1, 2]},
								"west": {"uv": [57, 39], "uv_size": [2, 2]},
								"up": {"uv": [56, 37], "uv_size": [1, 2]},
								"down": {"uv": [57, 39], "uv_size": [1, -2]}
							}
						},
						{
							"origin": [-1.5, 26.4, 2.25],
							"size": [2.15, 1.9, 2.25],
							"pivot": [-0.6, 26.05, 2.25],
							"rotation": [0, 38.5, 0],
							"uv": {
								"north": {"uv": [54, 54], "uv_size": [2, 1]},
								"east": {"uv": [52, 54], "uv_size": [2, 1]},
								"south": {"uv": [58, 54], "uv_size": [2, 1]},
								"west": {"uv": [56, 54], "uv_size": [2, 1]},
								"up": {"uv": [54, 52], "uv_size": [2, 2]},
								"down": {"uv": [56, 54], "uv_size": [2, -2]}
							}
						},
						{
							"origin": [-0.6, 26.2, 1.5],
							"size": [2.65, 2.55, 1],
							"pivot": [0.65, 26.5, 2.5],
							"rotation": [0, 0, -45],
							"uv": {
								"north": {"uv": [41, 56], "uv_size": [2, 2]},
								"east": {"uv": [40, 56], "uv_size": [1, 2]},
								"south": {"uv": [44, 56], "uv_size": [2, 2]},
								"west": {"uv": [43, 56], "uv_size": [1, 2]},
								"up": {"uv": [41, 55], "uv_size": [2, 1]},
								"down": {"uv": [43, 56], "uv_size": [2, -1]}
							}
						}
					]
				},
				{
					"name": "armRight",
					"pivot": [-3, 17.5, 0],
					"rotation": [0, 0, 25],
					"cubes": [
						{
							"origin": [-4.99786, 14.23263, -1],
							"size": [2, 4.75, 2],
							"pivot": [-3.75, 18.2, 0],
							"rotation": [0, 0, -7.5],
							"uv": {
								"north": {"uv": [50, 2], "uv_size": [2, 4]},
								"east": {"uv": [48, 2], "uv_size": [2, 4]},
								"south": {"uv": [54, 2], "uv_size": [2, 4]},
								"west": {"uv": [52, 2], "uv_size": [2, 4]},
								"up": {"uv": [50, 0], "uv_size": [2, 2]},
								"down": {"uv": [52, 2], "uv_size": [2, -2]}
							}
						},
						{
							"origin": [-4.45, 9.45, -1],
							"size": [2, 4.75, 2],
							"pivot": [-3.7, 13.7, 0],
							"rotation": [0, 0, -4.5],
							"uv": {
								"north": {"uv": [50, 28], "uv_size": [2, 4]},
								"east": {"uv": [48, 28], "uv_size": [2, 4]},
								"south": {"uv": [54, 28], "uv_size": [2, 4]},
								"west": {"uv": [52, 28], "uv_size": [2, 4]},
								"up": {"uv": [50, 26], "uv_size": [2, 2]},
								"down": {"uv": [52, 28], "uv_size": [2, -2]}
							}
						}
					]
				},
				{
					"name": "xiuzi",
					"parent": "armRight",
					"pivot": [-3.7, 13.7, 0],
					"cubes": [
						{
							"origin": [-4.7, 11.45, -1.1],
							"size": [2, 4.25, 2.2],
							"pivot": [-3.7, 15.2, 0],
							"rotation": [0, 0, 12.5],
							"uv": {
								"north": {"uv": [30, 45], "uv_size": [2, 5]},
								"east": {"uv": [28, 45], "uv_size": [2, 5]},
								"south": {"uv": [34, 45], "uv_size": [2, 5]},
								"west": {"uv": [25.375, 44.75], "uv_size": [2, 5]},
								"up": {"uv": [30, 43], "uv_size": [2, 2]},
								"down": {"uv": [36.25, 35.125], "uv_size": [0.625, -0.75]}
							}
						},
						{
							"origin": [-4.7, 11.45, -1.2],
							"size": [2.25, 4, 2.4],
							"pivot": [-3.7, 15.2, 0],
							"rotation": [0, 0, -17.5],
							"uv": {
								"north": {"uv": [20, 51], "uv_size": [2, 4]},
								"east": {"uv": [17.5, 45.875], "uv_size": [2, 4]},
								"south": {"uv": [24, 51], "uv_size": [2, 4]},
								"west": {"uv": [22, 51], "uv_size": [2, 4]},
								"up": {"uv": [20, 49], "uv_size": [2, 2]},
								"down": {"uv": [24.25, 51], "uv_size": [2, -2]}
							}
						}
					]
				},
				{
					"name": "armRightPositioningBone",
					"parent": "armRight",
					"pivot": [-3.25, 10.25, 0]
				},
				{
					"name": "armLeft",
					"pivot": [3, 17.5, 0],
					"rotation": [0, 0, -25],
					"cubes": [
						{
							"origin": [3, 14.3, -1],
							"size": [2, 4.8, 2],
							"pivot": [4, 18.6, 0],
							"rotation": [0, 0, 7.5],
							"uv": {
								"north": {"uv": [46, 51], "uv_size": [2, 4]},
								"east": {"uv": [44, 51], "uv_size": [2, 4]},
								"south": {"uv": [50, 51], "uv_size": [2, 4]},
								"west": {"uv": [48, 51], "uv_size": [2, 4]},
								"up": {"uv": [46, 49], "uv_size": [2, 2]},
								"down": {"uv": [48, 51], "uv_size": [2, -2]}
							}
						},
						{
							"origin": [2.45, 9.35, -1],
							"size": [2, 5, 2],
							"pivot": [3.5, 13.6, 0],
							"rotation": [0, 0, 2.5],
							"uv": {
								"north": {"uv": [8, 46], "uv_size": [2, 5]},
								"east": {"uv": [6, 46], "uv_size": [2, 5]},
								"south": {"uv": [12, 46], "uv_size": [2, 5]},
								"west": {"uv": [10, 46], "uv_size": [2, 5]},
								"up": {"uv": [8, 44], "uv_size": [2, 2]},
								"down": {"uv": [10, 46], "uv_size": [2, -2]}
							}
						}
					]
				},
				{
					"name": "xiuzi2",
					"parent": "armLeft",
					"pivot": [3.5, 13.6, 0],
					"cubes": [
						{
							"origin": [2.6, 11.35, -1.15],
							"size": [2, 4.5, 2.3],
							"pivot": [3.6, 15.6, 0],
							"rotation": [0, 0, -12.5],
							"uv": {
								"north": {"uv": [46, 44], "uv_size": [2, 5]},
								"east": {"uv": [53.125, 41.5], "uv_size": [0.5, 0.5]},
								"south": {"uv": [50, 44], "uv_size": [2, 5]},
								"west": {"uv": [48, 44], "uv_size": [2, 5]},
								"up": {"uv": [46, 42], "uv_size": [2, 2]},
								"down": {"uv": [53.25, 42], "uv_size": [0.375, -0.625]}
							}
						},
						{
							"origin": [2.5, 11.35, -1.25],
							"size": [2, 4.5, 2.5],
							"pivot": [3.5, 15.6, 0],
							"rotation": [0, 0, 12.5],
							"uv": {
								"north": {"uv": [48, 36], "uv_size": [2, 5]},
								"east": {"uv": [46, 36], "uv_size": [2, 5]},
								"south": {"uv": [52, 36], "uv_size": [2, 5]},
								"west": {"uv": [53.375, 41.5], "uv_size": [0.5, 0.375]},
								"up": {"uv": [48, 34], "uv_size": [2, 2]},
								"down": {"uv": [53.5, 41.75], "uv_size": [0.375, -0.375]}
							}
						}
					]
				},
				{
					"name": "armLeftPositioningBone",
					"parent": "armLeft",
					"pivot": [3.25, 10.25, 0]
				},
				{
					"name": "body",
					"pivot": [0, 10.5, -0.4],
					"cubes": [
						{
							"origin": [-3, 13.5, -2.4],
							"size": [6.1, 1.5, 4.2],
							"uv": {
								"north": {"uv": [26, 14], "uv_size": [6, 1]},
								"east": {"uv": [22, 14], "uv_size": [4, 1]},
								"south": {"uv": [36, 14], "uv_size": [6, 1]},
								"west": {"uv": [32, 14], "uv_size": [4, 1]},
								"up": {"uv": [26, 10], "uv_size": [6, 4]},
								"down": {"uv": [32, 14], "uv_size": [6, -4]}
							}
						}
					]
				},
				{
					"name": "shenqu",
					"parent": "body",
					"pivot": [0, 0, 0],
					"cubes": [
						{
							"origin": [-1.25, 19.5, -1.25],
							"size": [2.5, 1.75, 2.25],
							"uv": {
								"north": {"uv": [54, 51], "uv_size": [2, 1]},
								"east": {"uv": [52, 51], "uv_size": [2, 1]},
								"south": {"uv": [58, 51], "uv_size": [2, 1]},
								"west": {"uv": [56, 51], "uv_size": [2, 1]},
								"up": {"uv": [54, 49], "uv_size": [2, 2]},
								"down": {"uv": [56, 51], "uv_size": [2, -2]}
							}
						},
						{
							"origin": [-3, 16.4, -2.3],
							"size": [3.55, 3.25, 4.1],
							"pivot": [-1.7, 17.3, 0],
							"rotation": [0, 0, -10],
							"uv": {
								"north": {"uv": [26, 19], "uv_size": [3, 3]},
								"east": {"uv": [22, 19], "uv_size": [4, 3]},
								"south": {"uv": [33, 19], "uv_size": [3, 3]},
								"west": {"uv": [29, 19], "uv_size": [4, 3]},
								"up": {"uv": [26, 15], "uv_size": [3, 4]},
								"down": {"uv": [29, 19], "uv_size": [3, -4]}
							}
						},
						{
							"origin": [-0.25, 16.4, -2.4],
							"size": [3.3, 3.4, 4.1],
							"pivot": [1.05, 17.3, 0],
							"rotation": [0, 0, 7.5],
							"uv": {
								"north": {"uv": [24, 26], "uv_size": [3, 3]},
								"east": {"uv": [20, 26], "uv_size": [4, 3]},
								"south": {"uv": [31, 26], "uv_size": [3, 3]},
								"west": {"uv": [27, 26], "uv_size": [4, 3]},
								"up": {"uv": [24, 22], "uv_size": [3, 4]},
								"down": {"uv": [27, 26], "uv_size": [3, -4]}
							}
						},
						{
							"origin": [-2.7, 11.499, -2.15],
							"size": [5.4, 7.5, 3.75],
							"uv": {
								"north": {"uv": [25, 3], "uv_size": [5, 7]},
								"east": {"uv": [22, 3], "uv_size": [3, 7]},
								"south": {"uv": [33, 3], "uv_size": [5, 7]},
								"west": {"uv": [30, 3], "uv_size": [3, 7]},
								"up": {"uv": [25, 0], "uv_size": [5, 3]},
								"down": {"uv": [30, 3], "uv_size": [5, -3]}
							}
						},
						{
							"origin": [-3.15, 11, -2.1],
							"size": [1.55, 3.5, 3.6],
							"pivot": [0.4, 12, -0.4],
							"rotation": [0, 0, 12.5],
							"uv": {
								"north": {"uv": [53, 21], "uv_size": [1, 3]},
								"east": {"uv": [50, 21], "uv_size": [3, 3]},
								"south": {"uv": [57, 21], "uv_size": [1, 3]},
								"west": {"uv": [54, 21], "uv_size": [3, 3]},
								"up": {"uv": [53, 18], "uv_size": [1, 3]},
								"down": {"uv": [54, 21], "uv_size": [1, -3]}
							}
						},
						{
							"origin": [1.55, 12.15, -2.1],
							"size": [1.55, 3.9, 3.6],
							"pivot": [5.1, 13.15, -0.4],
							"rotation": [0, 0, -12.5],
							"uv": {
								"north": {"uv": [29, 53], "uv_size": [1, 3]},
								"east": {"uv": [26, 53], "uv_size": [3, 3]},
								"south": {"uv": [33, 53], "uv_size": [1, 3]},
								"west": {"uv": [30, 53], "uv_size": [3, 3]},
								"up": {"uv": [29, 50], "uv_size": [1, 3]},
								"down": {"uv": [30, 53], "uv_size": [1, -3]}
							}
						},
						{
							"origin": [0.05, 11.75, 0],
							"size": [2.7, 2.25, 2.25],
							"pivot": [1.3, 11, 1.5],
							"rotation": [14, 0, 0],
							"uv": {
								"north": {"uv": [54, 43], "uv_size": [2, 2]},
								"east": {"uv": [52, 43], "uv_size": [2, 2]},
								"south": {"uv": [58, 43], "uv_size": [2, 2]},
								"west": {"uv": [56, 43], "uv_size": [2, 2]},
								"up": {"uv": [54, 41], "uv_size": [2, 2]},
								"down": {"uv": [56, 43], "uv_size": [2, -2]}
							}
						},
						{
							"origin": [-2.7, 11.75, 0],
							"size": [2.7, 2.25, 2.25],
							"pivot": [-1.5, 11, 1.5],
							"rotation": [14, 0, 0],
							"uv": {
								"north": {"uv": [54, 47], "uv_size": [2, 2]},
								"east": {"uv": [52, 47], "uv_size": [2, 2]},
								"south": {"uv": [58, 47], "uv_size": [2, 2]},
								"west": {"uv": [56, 47], "uv_size": [2, 2]},
								"up": {"uv": [54, 45], "uv_size": [2, 2]},
								"down": {"uv": [56, 47], "uv_size": [2, -2]}
							}
						}
					]
				},
				{
					"name": "zhuangshi",
					"parent": "body",
					"pivot": [0, 10.5, -0.4],
					"cubes": [
						{
							"origin": [-3.45, 17.5, -2.5],
							"size": [1.25, 1.25, 1],
							"pivot": [-2.95, 17.5, -2.5],
							"rotation": [0, 0, 45],
							"uv": {
								"north": {"uv": [39, 9], "uv_size": [1, 1]},
								"east": {"uv": [38, 9], "uv_size": [1, 1]},
								"south": {"uv": [41, 9], "uv_size": [1, 1]},
								"west": {"uv": [40, 9], "uv_size": [1, 1]},
								"up": {"uv": [39, 8], "uv_size": [1, 1]},
								"down": {"uv": [40, 9], "uv_size": [1, -1]}
							}
						},
						{
							"origin": [-3.45, 16.5, -2.5],
							"size": [0.5, 0.5, 1],
							"pivot": [-2.95, 15.75, -2.5],
							"rotation": [0, 0, 45],
							"uv": {
								"north": {"uv": [34.75, 22.25], "uv_size": [0.5, 0.5]},
								"east": {"uv": [34, 23], "uv_size": [1, 0]},
								"south": {"uv": [36, 23], "uv_size": [0, 0]},
								"west": {"uv": [35, 23], "uv_size": [1, 0]},
								"up": {"uv": [35, 22], "uv_size": [0, 1]},
								"down": {"uv": [35.75, 23], "uv_size": [-0.75, -1]}
							}
						},
						{
							"origin": [1.4, 16.5, -2.5],
							"size": [0.5, 0.5, 1],
							"pivot": [1.9, 15.75, -2.5],
							"rotation": [0, 0, 45],
							"uv": {
								"north": {"uv": [35, 24], "uv_size": [0.625, 0.75]},
								"east": {"uv": [34, 24], "uv_size": [0.875, 0.75]},
								"south": {"uv": [36, 24], "uv_size": [0, 0]},
								"west": {"uv": [35, 24], "uv_size": [1, 0]},
								"up": {"uv": [35.625, 23], "uv_size": [-0.625, 0.875]},
								"down": {"uv": [35, 24], "uv_size": [0, -1]}
							}
						},
						{
							"origin": [1.3, 17.75, -2.5],
							"size": [1.25, 1.25, 1],
							"pivot": [1.55, 17.5, -2.5],
							"rotation": [0, 0, 45],
							"uv": {
								"north": {"uv": [43, 27], "uv_size": [1, 1]},
								"east": {"uv": [42, 27], "uv_size": [1, 1]},
								"south": {"uv": [45, 27], "uv_size": [1, 1]},
								"west": {"uv": [44, 27], "uv_size": [1, 1]},
								"up": {"uv": [43, 26], "uv_size": [1, 1]},
								"down": {"uv": [44, 27], "uv_size": [1, -1]}
							}
						},
						{
							"origin": [-2.65, 14.5, -2.4],
							"size": [0.5, 1.85, 0.1],
							"pivot": [-1.9, 16.25, -2.15],
							"rotation": [-10, 0, 0],
							"uv": {
								"north": {"uv": [0.375, 1.375], "uv_size": [0.25, 1.125]},
								"east": {"uv": [0.625, 1.5], "uv_size": [0.125, 1]},
								"south": {"uv": [1.625, 1.25], "uv_size": [0.25, 1]},
								"west": {"uv": [0, 1.25], "uv_size": [0.125, 1]},
								"up": {"uv": [1.875, 2.5], "uv_size": [-0.375, -0.125]},
								"down": {"uv": [1.5, 2.625], "uv_size": [-0.5, -0.125]}
							}
						},
						{
							"origin": [2.25, 14.6, -2.4],
							"size": [0.5, 1.85, 0.1],
							"pivot": [3, 16.35, -2.15],
							"rotation": [-10, 0, 0],
							"uv": {
								"north": {"uv": [0, 1.125], "uv_size": [0.25, 1.125]},
								"east": {"uv": [0.5, 1.25], "uv_size": [0.125, 1]},
								"south": {"uv": [0.25, 1.25], "uv_size": [0.125, 1]},
								"west": {"uv": [0.375, 1.25], "uv_size": [0.125, 1]},
								"up": {"uv": [0.5, 2.5], "uv_size": [-0.5, -0.125]},
								"down": {"uv": [0.5, 2.375], "uv_size": [-0.5, -0.125]}
							}
						}
					]
				},
				{
					"name": "bone",
					"parent": "zhuangshi",
					"pivot": [-1.25, 16.9, -1.45],
					"cubes": [
						{
							"origin": [-1, 16.75, -2.45],
							"size": [2, 0.2, 0],
							"uv": {
								"north": {"uv": [0, 0], "uv_size": [3.375, 0.25]},
								"east": {"uv": [0, 0], "uv_size": [0, 0]},
								"south": {"uv": [0.25, 0.375], "uv_size": [2, 0.125]},
								"west": {"uv": [2, 0], "uv_size": [0, 0]},
								"up": {"uv": [0, 0], "uv_size": [2, 0]},
								"down": {"uv": [2, 0], "uv_size": [2, 0]}
							}
						},
						{
							"origin": [1, 16.5, -2.45],
							"size": [1.25, 0.2, 0.1],
							"pivot": [0.25, 16.5, -1.45],
							"rotation": [0, 0, -22.5],
							"uv": {
								"north": {"uv": [0, 0], "uv_size": [1, 0]},
								"east": {"uv": [0, 0], "uv_size": [0, 0]},
								"south": {"uv": [0.125, 2.75], "uv_size": [1, 0.125]},
								"west": {"uv": [1, 0], "uv_size": [0, 0]},
								"up": {"uv": [0, 2.875], "uv_size": [1, -0.125]},
								"down": {"uv": [0, 3], "uv_size": [1, -0.125]}
							}
						},
						{
							"origin": [-2.30813, 16.85776, -2.45],
							"size": [1.25, 0.2, 0.1],
							"pivot": [-1.25, 16.65, -1.45],
							"rotation": [0, 0, 27.5],
							"uv": {
								"north": {"uv": [0, 0], "uv_size": [3.25, 0]},
								"east": {"uv": [0, 0], "uv_size": [0, 0]},
								"south": {"uv": [0, 2.75], "uv_size": [1, 0.25]},
								"west": {"uv": [1, 0], "uv_size": [0, 0]},
								"up": {"uv": [0, 2.875], "uv_size": [1, -0.125]},
								"down": {"uv": [0.875, 2.875], "uv_size": [1, -0.125]}
							}
						}
					]
				},
				{
					"name": "bone2",
					"parent": "bone",
					"pivot": [-1.25, 16.65, -1.45],
					"cubes": [
						{
							"origin": [-0.6, 16.05, -2.45],
							"size": [1.1, 0.2, 0],
							"uv": {
								"north": {"uv": [0, 0], "uv_size": [1, 0]},
								"east": {"uv": [0, 0], "uv_size": [0, 0]},
								"south": {"uv": [0.125, 0.625], "uv_size": [1.125, 0.125]},
								"west": {"uv": [1, 0], "uv_size": [0, 0]},
								"up": {"uv": [0, 0], "uv_size": [1, 0]},
								"down": {"uv": [1, 0], "uv_size": [1, 0]}
							}
						},
						{
							"origin": [0.55709, 16.33701, -2.45],
							"size": [2.75, 0.2, 0.1],
							"pivot": [1, 16.05, -1.45],
							"rotation": [0, 0, -32.5],
							"uv": {
								"north": {"uv": [0, 0], "uv_size": [2.625, 0.5]},
								"east": {"uv": [0, 2.625], "uv_size": [0.25, 0.25]},
								"south": {"uv": [0, 2.75], "uv_size": [2, 0.125]},
								"west": {"uv": [2, 0], "uv_size": [0, 0]},
								"up": {"uv": [0, 2.875], "uv_size": [2, -0.125]},
								"down": {"uv": [0, 2.75], "uv_size": [2, -0.125]}
							}
						},
						{
							"origin": [-3.28553, 16.41541, -2.45],
							"size": [2.75, 0.2, 0.1],
							"pivot": [-1.05, 16.3, -1.45],
							"rotation": [0, 0, 35],
							"uv": {
								"north": {"uv": [0, 0], "uv_size": [2, 0]},
								"east": {"uv": [0, 0], "uv_size": [0, 0]},
								"south": {"uv": [0, 2.75], "uv_size": [2, 0.125]},
								"west": {"uv": [1.625, 2.625], "uv_size": [0.125, 0.25]},
								"up": {"uv": [0, 3], "uv_size": [2, -0.125]},
								"down": {"uv": [0, 2.75], "uv_size": [2, -0.125]}
							}
						}
					]
				},
				{
					"name": "sittingRotationSkirt",
					"parent": "body",
					"pivot": [0, 13.5, -0.15],
					"cubes": [
						{
							"origin": [-2.35, 3.5, -2.15],
							"size": [4.9, 10, 0],
							"pivot": [0, 13.5, -2.15],
							"rotation": [-5, 0, 0],
							"uv": {
								"north": {"uv": [20, 39], "uv_size": [4, 10]},
								"east": {"uv": [20, 39], "uv_size": [0, 10]},
								"south": {"uv": [24, 39], "uv_size": [4, 10]},
								"west": {"uv": [24, 39], "uv_size": [0, 10]},
								"up": {"uv": [20, 39], "uv_size": [4, 0]},
								"down": {"uv": [24, 39], "uv_size": [4, 0]}
							}
						},
						{
							"origin": [0.4, 3.5, -2.3],
							"size": [2.7, 11, 0],
							"pivot": [1.9, 13.25, -1.3],
							"rotation": [-4.73589, -2.64389, -11.71386],
							"uv": {
								"north": {"uv": [14, 46], "uv_size": [2, 11]},
								"east": {"uv": [14, 46], "uv_size": [0, 11]},
								"south": {"uv": [16, 46], "uv_size": [2, 11]},
								"west": {"uv": [16, 46], "uv_size": [0, 11]},
								"up": {"uv": [14, 46], "uv_size": [2, 0]},
								"down": {"uv": [16, 46], "uv_size": [2, 0]}
							}
						},
						{
							"origin": [-2.35, 3.8, 1.9],
							"size": [5.45, 10.7, 0],
							"pivot": [1.9, 13.25, 2.9],
							"rotation": [12.75038, -0.20558, -11.16167],
							"uv": {
								"north": {"uv": [29.375, 39.25], "uv_size": [0.5, 0.375]},
								"east": {"uv": [20, 29], "uv_size": [0, 10]},
								"south": {"uv": [25, 29], "uv_size": [5, 10]},
								"west": {"uv": [25, 29], "uv_size": [0, 10]},
								"up": {"uv": [20, 29], "uv_size": [5, 0]},
								"down": {"uv": [25, 29], "uv_size": [5, 0]}
							}
						},
						{
							"origin": [-3.15, 3.5, -2.3],
							"size": [2.7, 11, 0],
							"pivot": [-1.3, 13.25, -1.3],
							"rotation": [-5.38542, -0.63342, 10.70659],
							"uv": {
								"north": {"uv": [0, 47], "uv_size": [2, 11]},
								"east": {"uv": [0, 47], "uv_size": [0, 11]},
								"south": {"uv": [2, 47], "uv_size": [2, 11]},
								"west": {"uv": [2, 47], "uv_size": [0, 11]},
								"up": {"uv": [0, 47], "uv_size": [2, 0]},
								"down": {"uv": [2, 47], "uv_size": [2, 0]}
							}
						},
						{
							"origin": [-3.05, 3.5, 1.9],
							"size": [4.6, 11, 0],
							"pivot": [-1.3, 13.25, 2.9],
							"rotation": [12.11458, -0.63342, 10.70659],
							"uv": {
								"north": {"uv": [7, 44.375], "uv_size": [0.75, 0.5]},
								"east": {"uv": [6, 33], "uv_size": [0, 11]},
								"south": {"uv": [10, 33], "uv_size": [4, 11]},
								"west": {"uv": [10, 33], "uv_size": [0, 11]},
								"up": {"uv": [6, 33], "uv_size": [4, 0]},
								"down": {"uv": [10, 33], "uv_size": [4, 0]}
							}
						},
						{
							"origin": [2.8, 3.3, -1.3],
							"size": [0, 11.2, 3],
							"pivot": [2.8, 14.5, -0.3],
							"rotation": [12.5, 0, -12.5],
							"uv": {
								"north": {"uv": [33, 32], "uv_size": [0, 11]},
								"east": {"uv": [36.125, 34.25], "uv_size": [0.5, 0.5]},
								"south": {"uv": [36, 32], "uv_size": [0, 11]},
								"west": {"uv": [33, 32], "uv_size": [3, 11]},
								"up": {"uv": [33, 29], "uv_size": [0, 3]},
								"down": {"uv": [33, 32], "uv_size": [0, -3]}
							}
						},
						{
							"origin": [-2.8, 3.3, -1.3],
							"size": [0, 11.2, 3],
							"pivot": [-2.8, 14.5, -0.3],
							"rotation": [10.99146, 0.82097, 12.16196],
							"uv": {
								"north": {"uv": [3, 36], "uv_size": [0, 11]},
								"east": {"uv": [0, 36], "uv_size": [3, 11]},
								"south": {"uv": [6, 36], "uv_size": [0, 11]},
								"west": {"uv": [3, 36], "uv_size": [3, 11]},
								"up": {"uv": [3, 33], "uv_size": [0, 3]},
								"down": {"uv": [3, 36], "uv_size": [0, -3]}
							}
						},
						{
							"origin": [2.9, 3.8, -2.1],
							"size": [0, 10.7, 3],
							"pivot": [2.9, 14.5, -1.1],
							"rotation": [-5, 0, -12.5],
							"uv": {
								"north": {"uv": [17, 36], "uv_size": [0, 10]},
								"east": {"uv": [16.5, 46.625], "uv_size": [0.75, 0.375]},
								"south": {"uv": [20, 36], "uv_size": [0, 10]},
								"west": {"uv": [17, 36], "uv_size": [3, 10]},
								"up": {"uv": [17, 33], "uv_size": [0, 3]},
								"down": {"uv": [17, 36], "uv_size": [0, -3]}
							}
						},
						{
							"origin": [-2.8, 3.8, -2.1],
							"size": [0, 10.7, 3],
							"pivot": [-2.8, 14.5, -1.1],
							"rotation": [-6.54851, 0.04285, 12.07974],
							"uv": {
								"north": {"uv": [39, 18], "uv_size": [0, 10]},
								"east": {"uv": [36, 18], "uv_size": [3, 10]},
								"south": {"uv": [42, 18], "uv_size": [0, 10]},
								"west": {"uv": [39, 18], "uv_size": [3, 10]},
								"up": {"uv": [39, 15], "uv_size": [0, 3]},
								"down": {"uv": [39, 18], "uv_size": [0, -3]}
							}
						}
					]
				},
				{
					"name": "hairRightSwing",
					"parent": "sittingRotationSkirt",
					"pivot": [-2.3, 13.55, -3],
					"cubes": [
						{
							"origin": [-2.5, 13.25, -2.65],
							"size": [0.5, 0.5, 0.25],
							"pivot": [-1.5, 13.25, -1.65],
							"rotation": [0, 0, -45],
							"uv": {
								"north": {"uv": [35, 24.125], "uv_size": [0.5, 0.75]},
								"east": {"uv": [35, 24], "uv_size": [0.5, 0.625]},
								"south": {"uv": [0, 0], "uv_size": [0.5, 0.5]},
								"west": {"uv": [0, 0], "uv_size": [0.25, 0.5]},
								"up": {"uv": [35.625, 24.625], "uv_size": [-0.875, -0.75]},
								"down": {"uv": [35.5, 24.625], "uv_size": [-0.625, -0.75]}
							}
						},
						{
							"origin": [-2.35, 10.8, -2.6],
							"size": [0.2, 1.75, 0.1],
							"pivot": [-1.7, 12.45, -2.35],
							"rotation": [-9.96271, 0.86717, 4.92442],
							"uv": {
								"north": {"uv": [0.375, 1.375], "uv_size": [0.25, 1.125]},
								"east": {"uv": [0.625, 1.5], "uv_size": [0.125, 1]},
								"south": {"uv": [1.625, 1.25], "uv_size": [0.25, 1]},
								"west": {"uv": [0, 1.25], "uv_size": [0.125, 1]},
								"up": {"uv": [1.875, 2.5], "uv_size": [-0.375, -0.125]},
								"down": {"uv": [1.5, 2.625], "uv_size": [-0.5, -0.125]}
							}
						},
						{
							"origin": [-2.25, 10.65, -2.6],
							"size": [0.2, 2, 0.1],
							"pivot": [-1.6, 12.55, -2.35],
							"rotation": [-9.99067, -0.43399, -2.46207],
							"uv": {
								"north": {"uv": [0.375, 1.375], "uv_size": [0.25, 1.125]},
								"east": {"uv": [0.625, 1.5], "uv_size": [0.125, 1]},
								"south": {"uv": [1.625, 1.25], "uv_size": [0.25, 1]},
								"west": {"uv": [0, 1.25], "uv_size": [0.125, 1]},
								"up": {"uv": [1.875, 2.5], "uv_size": [-0.375, -0.125]},
								"down": {"uv": [1.5, 2.625], "uv_size": [-0.5, -0.125]}
							}
						}
					]
				},
				{
					"name": "legLeft",
					"pivot": [1.7, 9, 0],
					"cubes": [
						{
							"origin": [0.199, 7, -1.5],
							"size": [2.8, 5, 3],
							"pivot": [-0.3, 3, 0],
							"rotation": [2.49962, -0.04362, 1.99905],
							"uv": {
								"north": {"uv": [39, 37], "uv_size": [2, 5]},
								"east": {"uv": [36, 37], "uv_size": [3, 5]},
								"south": {"uv": [44, 37], "uv_size": [2, 5]},
								"west": {"uv": [41, 37], "uv_size": [3, 5]},
								"up": {"uv": [39, 34], "uv_size": [2, 3]},
								"down": {"uv": [41, 37], "uv_size": [2, -3]}
							}
						},
						{
							"origin": [0.45, 0.25, -1.5],
							"size": [2.25, 6.8, 2.5],
							"pivot": [1.45, 3.25, -0.5],
							"rotation": [2.48467, 0.10727, 0.25717],
							"uv": {
								"north": {"uv": [44, 20], "uv_size": [2, 6]},
								"east": {"uv": [42, 20], "uv_size": [2, 6]},
								"south": {"uv": [48, 20], "uv_size": [2, 6]},
								"west": {"uv": [46, 20], "uv_size": [2, 6]},
								"up": {"uv": [44, 18], "uv_size": [2, 2]},
								"down": {"uv": [46, 20], "uv_size": [2, -2]}
							}
						}
					]
				},
				{
					"name": "footLeft",
					"parent": "legLeft",
					"pivot": [0, 0, 0],
					"cubes": [
						{
							"origin": [0.4, 0.5, -3],
							"size": [2.25, 1, 3],
							"pivot": [1.4, 0.25, -2],
							"rotation": [20, 0, 0],
							"uv": {
								"north": {"uv": [37, 53], "uv_size": [2, 1]},
								"east": {"uv": [34, 53], "uv_size": [3, 1]},
								"south": {"uv": [42, 53], "uv_size": [2, 1]},
								"west": {"uv": [39, 53], "uv_size": [3, 1]},
								"up": {"uv": [37, 50], "uv_size": [2, 3]},
								"down": {"uv": [39, 53], "uv_size": [2, -3]}
							}
						},
						{
							"origin": [0.5, 0, -3],
							"size": [2.05, 1, 4],
							"uv": {
								"north": {"uv": [46, 12], "uv_size": [2, 1]},
								"east": {"uv": [42, 12], "uv_size": [4, 1]},
								"south": {"uv": [52, 12], "uv_size": [2, 1]},
								"west": {"uv": [48, 12], "uv_size": [4, 1]},
								"up": {"uv": [46, 8], "uv_size": [2, 4]},
								"down": {"uv": [48, 12], "uv_size": [2, -4]}
							}
						}
					]
				},
				{
					"name": "legRight",
					"pivot": [-1.6, 9, 0],
					"cubes": [
						{
							"origin": [-2.899, 7, -1.5],
							"size": [2.8, 5, 3],
							"pivot": [0.4, 3, 0],
							"rotation": [2.49962, 0.04362, -1.99905],
							"uv": {
								"north": {"uv": [41, 3], "uv_size": [2, 5]},
								"east": {"uv": [38, 3], "uv_size": [3, 5]},
								"south": {"uv": [46, 3], "uv_size": [2, 5]},
								"west": {"uv": [43, 3], "uv_size": [3, 5]},
								"up": {"uv": [41, 0], "uv_size": [2, 3]},
								"down": {"uv": [43, 3], "uv_size": [2, -3]}
							}
						},
						{
							"origin": [-2.6, 0.25, -1.5],
							"size": [2.25, 6.8, 2.5],
							"pivot": [-1.6, 3.25, -0.5],
							"rotation": [2.48467, 0.10727, 0.25717],
							"uv": {
								"north": {"uv": [38, 44], "uv_size": [2, 6]},
								"east": {"uv": [36, 44], "uv_size": [2, 6]},
								"south": {"uv": [42, 44], "uv_size": [2, 6]},
								"west": {"uv": [40, 44], "uv_size": [2, 6]},
								"up": {"uv": [38, 42], "uv_size": [2, 2]},
								"down": {"uv": [40, 44], "uv_size": [2, -2]}
							}
						}
					]
				},
				{
					"name": "footRight",
					"parent": "legRight",
					"pivot": [0, 0, 0],
					"cubes": [
						{
							"origin": [-2.5, 0, -3],
							"size": [2.05, 1, 4],
							"uv": {
								"north": {"uv": [46, 17], "uv_size": [2, 1]},
								"east": {"uv": [42, 17], "uv_size": [4, 1]},
								"south": {"uv": [52, 17], "uv_size": [2, 1]},
								"west": {"uv": [48, 17], "uv_size": [4, 1]},
								"up": {"uv": [46, 13], "uv_size": [2, 4]},
								"down": {"uv": [48, 17], "uv_size": [2, -4]}
							}
						},
						{
							"origin": [-2.6, 0.5, -3],
							"size": [2.25, 1, 3],
							"pivot": [-1.6, 0.25, -2],
							"rotation": [20, 0, 0],
							"uv": {
								"north": {"uv": [7, 54], "uv_size": [2, 1]},
								"east": {"uv": [4, 54], "uv_size": [3, 1]},
								"south": {"uv": [12, 54], "uv_size": [2, 1]},
								"west": {"uv": [9, 54], "uv_size": [3, 1]},
								"up": {"uv": [7, 51], "uv_size": [2, 3]},
								"down": {"uv": [9, 54], "uv_size": [2, -3]}
							}
						}
					]
				}
			]
		}
	]
}