{
	"pack_name": "{maid_pack.mrj_ycy.name}",
	"model_list": [
		{
			"model_id": "mrj_ycy:shui_jia_er_lang_zu_feng_liu",
			"render_item_scale": 1.05,
			"render_entity_scale": 1.1,
			"description": ["{model.mrj_ycy.shui_jia_er_lang_zu_feng_liu.desc}"],
			"animation": [
				"touhou_little_maid:animation/maid/default/head/default.js",
				"touhou_little_maid:animation/maid/default/head/beg.js",
				"touhou_little_maid:animation/maid/default/head/music_shake.js",
				"touhou_little_maid:animation/maid/default/arm/default.js",
				"touhou_little_maid:animation/maid/default/arm/swing.js",
				"touhou_little_maid:animation/maid/default/leg/default.js",
				"touhou_little_maid:animation/maid/default/sit/default.js",
				"touhou_little_maid:animation/maid/default/head/blink.js",
				"touhou_little_maid:animation/maid/default/sit/skirt_rotation.js"
			]
		},
		{
			"model_id": "mrj_ycy:chang_ye_gu_ying",
			"render_item_scale": 1.05,
			"render_entity_scale": 1.1,
			"description": ["{model.mrj_ycy.chang_ye_gu_ying.desc}"]
		},
		{
			"model_id": "mrj_ycy:bei_wang_he_lan",
			"animation": [
				"touhou_little_maid:animation/maid/default/head/default.js",
				"touhou_little_maid:animation/maid/default/head/beg.js",
				"touhou_little_maid:animation/maid/default/head/music_shake.js",
				"touhou_little_maid:animation/maid/default/head/hair_swing.js",
				"touhou_little_maid:animation/maid/default/head/blink.js",
				"touhou_little_maid:animation/maid/default/head/hurt.js",
				"touhou_little_maid:animation/maid/default/arm/default.js",
				"touhou_little_maid:animation/maid/default/arm/swing.js",
				"touhou_little_maid:animation/maid/default/leg/default.js",
				"touhou_little_maid:animation/maid/default/sit/skirt_rotation.js",
				"touhou_little_maid:animation/maid/default/sit/default.js"
			],
			"render_entity_scale": 1.1,
			"description": ["{model.mrj_ycy.bei_wang_he_lan.desc}"],
			"render_item_scale": 1.05
		},
		{
			"model_id": "mrj_ycy:bei_wang_he_lan_wang",
			"animation": [
				"touhou_little_maid:animation/maid/default/head/default.js",
				"touhou_little_maid:animation/maid/default/head/beg.js",
				"touhou_little_maid:animation/maid/default/head/music_shake.js",
				"touhou_little_maid:animation/maid/default/head/hair_swing.js",
				"touhou_little_maid:animation/maid/default/head/blink.js",
				"touhou_little_maid:animation/maid/default/head/hurt.js",
				"touhou_little_maid:animation/maid/default/arm/default.js",
				"touhou_little_maid:animation/maid/default/arm/swing.js",
				"touhou_little_maid:animation/maid/default/leg/default.js",
				"touhou_little_maid:animation/maid/default/sit/skirt_rotation.js",
				"touhou_little_maid:animation/maid/default/sit/default.js"
			],
			"render_item_scale": 1.05,
			"render_entity_scale": 1.1,
			"description": ["{model.mrj_ycy.bei_wang_he_lan_wang.desc}"]
		},
		{
			"model_id": "mrj_ycy:bei_wang_he_lan_zhan",
			"render_item_scale": 1.05,
			"render_entity_scale": 1.1,
			"description": ["{model.mrj_ycy.bei_wang_he_lan_zhan.desc}"]
		},
		{
			"model_id": "mrj_ycy:can_yang_wu_sheng",
			"render_item_scale": 1.05,
			"render_entity_scale": 1.1,
			"description": ["{model.mrj_ycy.can_yang_wu_sheng.desc}"]
		},
		{
			"model_id": "mrj_ycy:can_yang_wu_sheng_xdz",
			"render_item_scale": 1.05,
			"render_entity_scale": 1.1,
			"description": ["{model.mrj_ycy.can_yang_wu_sheng_xdz.desc}"]
		}
	],
	"version": "1.0.0",
	"author": ["暮光简简"],
	"date": "2025-05-09",
	"icon": "mrj_ycy:textures/maid_icon.png",
	"description": ["{maid_pack.mrj_ycy.desc}"]
}